שם ראשי,תואר,שם מישני,קבוצה,קבוצה נוספת,סוג,קוד,שכונה
אוסישקין,,מנחם (מנדל),ד. הסטוריה יהודית,,רחוב,801,א
אוסקר,פרופ',לוי,ב. תושבי העיר,יא. תרבות ומדע,כיכר,,א
אחד העם,,,ד. הסטוריה יהודית,יא. תרבות ומדע,רחוב,802,א
אלי כהן,,,ט. לוחמי ישראל,,צומת,613,א
אסלן,,בינימין,ב. תושבי העיר,,כיכר,,א
בורוכוב,,דב (בר),ד. הסטוריה יהודית,,רחוב,803,א
בזל,,,ז. מקומות של עם ישראל,,רחוב,804,א
בלפור,לורד,ג'ימס,ג. אישים בינלאומיים,,רחוב,805,א
בר אילן,הרב,מאיר (ברלין),ד. הסטוריה יהודית,,כיכר,806,א
ברנר,,חיים,ד. הסטוריה יהודית,יא. תרבות ומדע,רחוב,807,א
גורדון,,אהרון דוד,ד. הסטוריה יהודית,,רחוב,808,א
דאלי,הרב,משה כדורי,ד. הסטוריה יהודית,,כיכר,,א
הכותל המערבי,,,ז. מקומות של עם ישראל,,רחוב,809,א
המייסדים,,,ב. תושבי העיר,,כיכר,437,א
המשחררים,,,ט. לוחמי ישראל,,דרך,810,א
הס,,משה,ד. הסטוריה יהודית,,רחוב,812,א
הראשונים,,,ב. תושבי העיר,,גן,,א
הרבי מלובביטש,,,ד. הסטוריה יהודית,ג. אישים בינלאומיים,,840,א
השומר,,,ד. הסטוריה יהודית,,רחוב,813,א
ויצמן,פרופ',חיים,ד. הסטוריה יהודית,,רחוב,814,א
ורבורג,"ד""ר",אוטו,ד. הסטוריה יהודית,,רחוב,815,א
טוביהו,,דוד,ב. תושבי העיר,יד. יקירי העיר,שדרות,366,א
כצנלסון,,ברל,ד. הסטוריה יהודית,,רחוב,817,א
מונטיפיורי,סר,משה,ד. הסטוריה יהודית,,רחוב,818,א
מוריה,,,ז. מקומות של עם ישראל,,רחוב,849,א
מנדלי מוכר ספרים,,,יא. תרבות ומדע,,רחוב,819,א
ניסים,הרב,יצחק,טז. אנשי ציבור,,קרית,,א
סוקולוב,,נחום,ד. הסטוריה יהודית,,רחוב,820,א
סמאטס,,יוחנן,ג. אישים בינלאומיים,,רחוב,821,א
עליית הנוער,,,ד. הסטוריה יהודית,,גן,,א
קפלן,,אליעזר,ד. הסטוריה יהודית,טו. מגילת העצמאות,כיכר,850,א
רגר,,יצחק,ב. תושבי העיר,,שדרות,811,א
שבזי,רבי,שלום,יא. תרבות ומדע,,רחוב,848,א
"שח""ל",,,ט. לוחמי ישראל,,רחוב,823,א
שפירא,,הרמן,ד. הסטוריה יהודית,,רחוב,824,א
תל חי,,,ז. מקומות של עם ישראל,,רחוב,825,א
בן אסא,,בינימין,ב. תושבי העיר,,רחוב,1408,א. תעשיה
בן עמי,,אברהם,ב. תושבי העיר,,רחוב,858,א. תעשיה
גרשפלד,,יעקב,ב. תושבי העיר,,רחוב,841,א. תעשיה
דקל,,,יז. צמחים ובעלי חיים,,רחוב,1411,א. תעשיה
האורגים,,,ח. מורשת,,רחוב,531,א. תעשיה
הטחנה,,,מלאכה ומתכות,,רחוב,869,א. תעשיה
המוסכים,,,מלאכה ומתכות,,רחוב,831,א. תעשיה
המלאכה,,,מלאכה ומתכות,,רחוב,833,א. תעשיה
המסילה,,,מלאכה ומתכות,,רחוב,990,א. תעשיה
המשק,,,מלאכה ומתכות,,רחוב,866,א. תעשיה
הנגרים,,,מלאכה ומתכות,,רחוב,835,א. תעשיה
חיטה,,,יז. צמחים ובעלי חיים,,רחוב,1413,א. תעשיה
חיל הנדסה,,,ט. לוחמי ישראל,,רחוב,995,א. תעשיה
יהודה הנחתום,,,ד. הסטוריה יהודית,,רחוב,843,א. תעשיה
יהושע הצורף,,,ד. הסטוריה יהודית,,רחוב,846,א. תעשיה
יוליה ושמואל,,(רוטנברג),ב. תושבי העיר,,רחוב,898,א. תעשיה
יוסי הבורסקאי,,,ד. הסטוריה יהודית,,רחוב,844,א. תעשיה
יצחק נפחא,,,ד. הסטוריה יהודית,,רחוב,847,א. תעשיה
מלל,,סעדיה,ב. תושבי העיר,,רחוב,893,א. תעשיה
נאוי,,אליהו,ב. תושבי העיר,,דרך,103,א. תעשיה
סדנא,,,מלאכה ומתכות,,רחוב,867,א. תעשיה
עמל,,,מלאכה ומתכות,,רחוב,868,א. תעשיה
פנחס החוצב,,,ד. הסטוריה יהודית,,רחוב,845,א. תעשיה
שעורה,,,יז. צמחים ובעלי חיים,,רחוב,1414,א. תעשיה
תאנה,,,יז. צמחים ובעלי חיים,,רחוב,1415,א. תעשיה
אבן גבירול,,שלמה,יא. תרבות ומדע,,משעול,401,ב
אינשטיין,פרופ',אלברט,יא. תרבות ומדע,,רחוב,402,ב
אלזה,,לסקר-שילר,יא. תרבות ומדע,ו. ישובים הקשורים לעיר,גן,,ב
אסף הרופא,,,ד. הסטוריה יהודית,,רחוב,403,ב
ארגנטינה,,,ו. ישובים הקשורים לעיר,,גן,,ב
ארציאלי,,מרדכי,ב. תושבי העיר,יא. תרבות ומדע,כיכר,,ב
בארון,,דבורה,יא. תרבות ומדע,,רחוב,428,ב
ביאליק,,חיים נחמן,יא. תרבות ומדע,,רחוב,404,ב
בן יהודה,,אליעזר,יא. תרבות ומדע,,רחוב,502,ב
בני אור,,,ד. הסטוריה יהודית,,רחוב,291,ב
בצלאל,,(בן אורי),ד. הסטוריה יהודית,,רחוב,405,ב
ברנשטיין,,לאונרד,יא. תרבות ומדע,ג. אישים בינלאומיים,רחוב,822,ב
גרץ,,צבי,ד. הסטוריה יהודית,,רחוב,406,ב
דובנוב,,שמעון,ד. הסטוריה יהודית,,רחוב,407,ב
דר ניסתר,,,ד. הסטוריה יהודית,,רחוב,530,ב
הוברמן,,ברוניסלב,יא. תרבות ומדע,,רחוב,408,ב
הזז,,חיים,יא. תרבות ומדע,,רחוב,421,ב
הכוזרי,,,ד. הסטוריה יהודית,,רחוב,409,ב
הסופרים,,,יא. תרבות ומדע,,גן,410,ב
"חז""ל",,,ד. הסטוריה יהודית,,רחוב,411,ב
טארג',,מקס,א. ידידי העיר,,כיכר,,ב
טשרנחובסקי,"ד""ר",שאול,יא. תרבות ומדע,,רחוב,412,ב
כהן,,יעקב,יא. תרבות ומדע,,רחוב,422,ב
לאה גולדברג,,,יא. תרבות ומדע,יב. פרס ישראל,משעול,427,ב
למדן,,יצחק,יא. תרבות ומדע,יב. פרס ישראל,רחוב,423,ב
מינץ,,בנימין,ד. הסטוריה יהודית,,רחוב,429,ב
מנדלסון,,משה,ד. הסטוריה יהודית,,רחוב,413,ב
מצדה,,,ד. הסטוריה יהודית,,רחוב,277,ב
סעדיה גאון,,,ד. הסטוריה יהודית,,רחוב,414,ב
פרויד,פרופ',זיגמונד,יא. תרבות ומדע,,רחוב,415,ב
רחל המשוררת,,,יא. תרבות ומדע,,משעול,425,ב
"רמח""ל",,,ד. הסטוריה יהודית,,רחוב,416,ב
שטרוק,,הרמן,ד. הסטוריה יהודית,,רחוב,417,ב
שלום עליכם,,,יא. תרבות ומדע,,רחוב,418,ב
שמעוני,,דוד,יא. תרבות ומדע,יב. פרס ישראל,רחוב,419,ב
שניאור,,זלמן,יא. תרבות ומדע,יב. פרס ישראל,רחוב,424,ב
יא' הספורטאים,,,ד. הסטוריה יהודית,,רחוב,436,ב - קריית גנים
מחרז,פרופ',אברהם,ב. תושבי העיר,יא. תרבות ומדע,רחוב,438,ב - קריית גנים
עורבי,,יעקב,ב. תושבי העיר,,,439,ב - קריית גנים
אליעזר,,פרי,טז. אנשי ציבור,א. ידידי העיר,גן,,ג
אסירי ציון,,,ד. הסטוריה יהודית,,רחוב,601,ג
ארלוזורוב,"ד""ר",חיים,ד. הסטוריה יהודית,,רחוב,501,ג
בינט,"ד""ר",מקס,ט. לוחמי ישראל,,רחוב,832,ג
בסקין,,צבי,ט. לוחמי ישראל,,רחוב,602,ג
גבעתי,,,ט. לוחמי ישראל,,רחוב,503,ג
גולומב,,אליהו,ד. הסטוריה יהודית,,רחוב,504,ג
גולני,,,ט. לוחמי ישראל,,רחוב,505,ג
גוש עציון,,,ד. הסטוריה יהודית,,רחוב,506,ג
דוד בן גוריון,,,ד. הסטוריה יהודית,טו. מגילת העצמאות,שדרות,101,ג
הגאולים,,,ד. הסטוריה יהודית,,רחוב,603,ג
"הכ""ג",,,ט. לוחמי ישראל,,רחוב,604,ג
הלפרין,,מיכאל,ט. לוחמי ישראל,,רחוב,605,ג
המעפילים,,,ד. הסטוריה יהודית,,רחוב,606,ג
המעפילים,,,ד. הסטוריה יהודית,,גן,,ג
הנדיב,,,ד. הסטוריה יהודית,,רחוב,525,ג
הנוטר,,,ד. הסטוריה יהודית,,רחוב,507,ג
הקומנדו הצרפתי,,,ד. הסטוריה יהודית,א. ידידי העיר,גן,,ג
השלום,,,ד. הסטוריה יהודית,,רחוב,508,ג
וינגייט,קולונל,אורד,ג. אישים בינלאומיים,,רחוב,509,ג
וינגייט,קולונל,אורד,ג. אישים בינלאומיים,,גן,,ג
ז'בוטינסקי,,זאב,ד. הסטוריה יהודית,,רחוב,607,ג
זיסו,,.א.ל,ד. הסטוריה יהודית,,רחוב,510,ג
חביבה רייק,,,ט. לוחמי ישראל,,רחוב,527,ג
חומה ומגדל,,,ט. לוחמי ישראל,,רחוב,511,ג
חיבת ציון,,,ד. הסטוריה יהודית,,רחוב,526,ג
חנה סנש,,,ט. לוחמי ישראל,,רחוב,514,ג
יד ושם,,,ד. הסטוריה יהודית,,רחוב,608,ג
כרמלי,,,ט. לוחמי ישראל,,רחוב,512,ג
לאונרד כהן,,,א. ידידי העיר,,רחוב,1262,ג
מנצ'ל,"ד""ר",פועה,ב. תושבי העיר,,רחוב,537,ג
מרכוס,אלוף,דוד,ט. לוחמי ישראל,,רחוב,609,ג
"ניל""י",,,ט. לוחמי ישראל,,רחוב,513,ג
סורוקה,,,א. ידידי העיר,,כיכר,,ג
עולי הגרדום,,,ט. לוחמי ישראל,,רחוב,610,ג
עליאש,,מרדכי,ד. הסטוריה יהודית,,רחוב,519,ג
צבי,,ברמן,ב. תושבי העיר,טז. אנשי ציבור,גן,,ג
קלישר,הרב,צבי,ד. הסטוריה יהודית,,רחוב,515,ג
קרייתי,,,ט. לוחמי ישראל,,רחוב,516,ג
קרן היסוד,,,ד. הסטוריה יהודית,,רחוב,612,ג
רוטנברג,,פנחס,ד. הסטוריה יהודית,,רחוב,517,ג
רזיאל,,דוד,ט. לוחמי ישראל,,רחוב,524,ג
שועלי שמשון,,,ט. לוחמי ישראל,,רחוב,518,ג
שזר,,זלמן,טז. אנשי ציבור,יד. יקירי העיר,שדרות,701,ג
שרעבי,,שלום,ד. הסטוריה יהודית,,רחוב,532,ג
אבטליון,,,ד. הסטוריה יהודית,,משעול,245,ד
אביה השופט,,,ח. מורשת,,רחוב,201,ד
אביר,,מרק,ב. תושבי העיר,,כיכר,259,ד
אבן עזרא,,אברהם,ח. מורשת,,רחוב,290,ד
אברהם אבינו,,,ח. מורשת,,רחוב,202,ד
אוסוולדו ארניה,,,ג. אישים בינלאומיים,,רחוב,266,ד
אליהו הנביא,,,ח. מורשת,,רחוב,203,ד
אלכסנדר ינאי,,,ח. מורשת,,רחוב,205,ד
אלעזר בן יאיר,,,ט. לוחמי ישראל,,רחוב,204,ד
אריסטובולוס,,יהודה,ח. מורשת,,משעול,286,ד
באאזוב,,,ד. הסטוריה יהודית,,כיכר,,ד
ביתר,,,ז. מקומות של עם ישראל,,משעול,287,ד
בן זכאי,רבן,יוחנן,ח. מורשת,,משעול,242,ד
בן מתתיהו,,יוסף,ח. מורשת,,רחוב,276,ד
בן שטח,,שמעון,ד. הסטוריה יהודית,,משעול,243,ד
בני שמעון,,,ח. מורשת,,כיכר,151,ד
בנימין מטודלה,,,ח. מורשת,,רחוב,267,ד
בעלי התוספות,,,ח. מורשת,,רחוב,279,ד
בר גיורא,,שמעון,ח. מורשת,,רחוב,206,ד
בר יוחאי,,שמעון,ח. מורשת,,משעול,241,ד
ברנפלד,"ד""ר",שמעון,ד. הסטוריה יהודית,,רחוב,268,ד
גבאי,הרב,מנחם,ב. תושבי העיר,,רחוב,255,ד
גלעד,,,ז. מקומות של עם ישראל,,רחוב,208,ד
גרר,,,ז. מקומות של עם ישראל,,סמטת,209,ד
דוד המלך,,,ח. מורשת,,רחוב,210,ד
האיסיים,,,ד. הסטוריה יהודית,,רחוב,211,ד
האמוראים,,,ד. הסטוריה יהודית,,משעול,272,ד
הברית,,,ח. מורשת,,כיכר,152,ד
"הדסה-קק""ל",,,ד. הסטוריה יהודית,א. ידידי העיר,גן,,ד
הורקנוס,,יוחנן,ח. מורשת,,רחוב,219,ד
הזוהר,,,ד. הסטוריה יהודית,,רחוב,274,ד
הכנסת,,,ד. הסטוריה יהודית,,רחוב,251,ד
הלל הזקן,,,ד. הסטוריה יהודית,,משעול,247,ד
המכתשים,,,ז. מקומות של עם ישראל,,רחוב,212,ד
הנבטים,,,ז. מקומות של עם ישראל,,משעול,215,ד
הצדיק מירושלים,הרב,(אריה לוין),ג. אישים בינלאומיים,,שדרות,281,ד
הקיני,,,ח. מורשת,,כיכר,216,ד
הקנאים,,,ח. מורשת,,רחוב,252,ד
הקניזי,,,ח. מורשת,,כיכר,217,ד
התלמוד,,,ד. הסטוריה יהודית,,רחוב,271,ד
התנאים,,,ד. הסטוריה יהודית,,משעול,273,ד
זיסו,,תאודור,א. ידידי העיר,,כיכר,185,ד
טייב,הרב,חי יצחק,ד. הסטוריה יהודית,,רחוב,153,ד
יהודה הלוי,,,יא. תרבות ומדע,ד. הסטוריה יהודית,רחוב,263,ד
יהודה הנשיא,,,ד. הסטוריה יהודית,,רחוב,250,ד
יהונתן,,,ח. מורשת,,סמטת,265,ד
יואל השופט,,,ח. מורשת,,רחוב,218,ד
יודפת,,,ז. מקומות של עם ישראל,,משעול,294,ד
יוטבתה,,,ז. מקומות של עם ישראל,,משעול,220,ד
יונתן,,נתניהו,ט. לוחמי ישראל,,גן,,ד
יוספטל,,גיורא,טז. אנשי ציבור,,רחוב,225,ד
יעבץ,,יעקב,יא. תרבות ומדע,,רחוב,237,ד
יעקב אבינו,,,ח. מורשת,,רחוב,221,ד
יצחק אבינו,,,ח. מורשת,,רחוב,222,ד
מודיעין,,,ז. מקומות של עם ישראל,,משעול,295,ד
מימון,הרב,יהודה לייב,ד. הסטוריה יהודית,טו. מגילת העצמאות,רחוב,236,ד
מעון,,,ז. מקומות של עם ישראל,,כיכר,213,ד
מרטון,"ד""ר",ארנו יחזקאל,ד. הסטוריה יהודית,,כיכר,223,ד
נחליאל,,,יז. צמחים ובעלי חיים,,משעול,224,ד
נרבוני,,אנדרה,טז. אנשי ציבור,י. מנהיגים יהודים,כיכר,,ד
סוכות,,,ז. מקומות של עם ישראל,,משעול,214,ד
סוסו,הרב,יוסף הכהן,ב. תושבי העיר,,רחוב,207,ד
סיאטל,,,ו. ישובים הקשורים לעיר,,גן,,ד
סילברט,הרב,אברהם,ב. תושבי העיר,,רחוב,264,ד
סנהדרין,,,ד. הסטוריה יהודית,,רחוב,244,ד
עוזיה המלך,,,ח. מורשת,,רחוב,226,ד
ערד,,,ז. מקומות של עם ישראל,,משעול,253,ד
פארן,,,ז. מקומות של עם ישראל,,משעול,227,ד
פרץ,,מרדכי,ב. תושבי העיר,,גן,,ד
צביה המלכה,,,ח. מורשת,,רחוב,228,ד
צין,,,ז. מקומות של עם ישראל,,רחוב,229,ד
צקלג,,,ז. מקומות של עם ישראל,,רחוב,230,ד
קדש,,,ז. מקומות של עם ישראל,,רחוב,231,ד
קלאוזנר,,יוסף,יא. תרבות ומדע,,רחוב,520,ד
רבי טרפון,,,ד. הסטוריה יהודית,,משעול,278,ד
רבי מאיר בעל הנס,,,ד. הסטוריה יהודית,,רחוב,240,ד
רבי עקיבא,,,ד. הסטוריה יהודית,,רחוב,254,ד
רבן גמליאל,,,ד. הסטוריה יהודית,,משעול,249,ד
רבנו תם,,,ד. הסטוריה יהודית,,רחוב,288,ד
רובין,,ראובן,יא. תרבות ומדע,,רחוב,420,ד
רוסי,,יוסף אלפרד,ט. לוחמי ישראל,,רחבת,270,ד
רחבים,,,ח. מורשת,,כיכר,232,ד
רינגנבלום,"ד""ר",עמנואל,ד. הסטוריה יהודית,יא. תרבות ומדע,רחוב,258,ד
"רמב""ן",,,יא. תרבות ומדע,,רחוב,289,ד
רפידים,,,ז. מקומות של עם ישראל,,משעול,233,ד
"רש""י",רבי,(שלמה יצחקי),יא. תרבות ומדע,י. מנהיגים יהודים,רחוב,275,ד
שיפר,,יצחק,ד. הסטוריה יהודית,,רחוב,830,ד
שלמה המלך,,,ח. מורשת,,רחוב,234,ד
שמאי,,,ד. הסטוריה יהודית,,משעול,248,ד
שמחה אסף,הרב פרופ',(אוסובסקי),יא. תרבות ומדע,,רחוב,269,ד
שמעיה,,,ד. הסטוריה יהודית,,משעול,246,ד
שני אליהו,,,ט. לוחמי ישראל,,גן,,ד
שפרינצק,,יוסף,טז. אנשי ציבור,,רחוב,238,ד
אלתרמן,,נתן,יא. תרבות ומדע,,רחוב,454,ה
בורלא,,יהודה,יא. תרבות ומדע,,רחוב,343,ה
גדולי ישראל,,,ד. הסטוריה יהודית,,גן,,ה
גירית,,,יז. צמחים ובעלי חיים,,משעול,325,ה
גמל,,,יז. צמחים ובעלי חיים,,רחוב,324,ה
דרבן,,,יז. צמחים ובעלי חיים,,משעול,321,ה
האיילה,,,יז. צמחים ובעלי חיים,,רחוב,332,ה
הגלבוע,,,ז. מקומות של עם ישראל,,רחוב,342,ה
המרי העברי,,,ט. לוחמי ישראל,,רחבת,458,ה
העליה,,,ד. הסטוריה יהודית,,רחוב,304,ה
הערבה,,,ז. מקומות של עם ישראל,,רחוב,954,ה
הצבי,,,יז. צמחים ובעלי חיים,,רחוב,331,ה
ורדימון,,יצחק,ב. תושבי העיר,,כיכר,310,ה
זרזיר,,,יז. צמחים ובעלי חיים,,משעול,318,ה
חוגלה,,,יז. צמחים ובעלי חיים,,משעול,317,ה
חרדון,,,יז. צמחים ובעלי חיים,,משעול,327,ה
טבנקין,,יצחק,ד. הסטוריה יהודית,,רחוב,340,ה
יהודי סוריה,,,ד. הסטוריה יהודית,,רחבת,352,ה
ילדי טהרן,,,ד. הסטוריה יהודית,,גן,,ה
יעלים,,,יז. צמחים ובעלי חיים,,שדרות,311,ה
יציאת ארופה,,,ד. הסטוריה יהודית,,רחוב,301,ה
יקירי באר שבע,,,ב. תושבי העיר,,גן,,ה
ירבוע,,,יז. צמחים ובעלי חיים,,משעול,333,ה
כחול לבן,,,ד. הסטוריה יהודית,,רחבת,351,ה
מולדת,,,ד. הסטוריה יהודית,,רחבת,457,ה
מילוס,,,ד. הסטוריה יהודית,,רחבת,456,ה
מעלה עקרבים,,,ז. מקומות של עם ישראל,,משעול,337,ה
מרבד הקסמים,,,ד. הסטוריה יהודית,,רחוב,302,ה
מרדכי,,לאור,ב. תושבי העיר,טז. אנשי ציבור,גן,,ה
נאות הככר,,,ז. מקומות של עם ישראל,,משעול,338,ה
ניצנה,,,ז. מקומות של עם ישראל,,משעול,336,ה
סטרומה,,,ד. הסטוריה יהודית,,רחוב,303,ה
סיני,,,ז. מקומות של עם ישראל,,רחוב,335,ה
סלעית,,,יז. צמחים ובעלי חיים,,משעול,315,ה
עופרים,,,יז. צמחים ובעלי חיים,,משעול,323,ה
עורב,,,יז. צמחים ובעלי חיים,,משעול,312,ה
פטריה,,,ד. הסטוריה יהודית,,משעול,305,ה
פסמון,,,יז. צמחים ובעלי חיים,,משעול,326,ה
קדושי בגדד,,,ד. הסטוריה יהודית,,רחוב,306,ה
קדושי קהיר,,,ד. הסטוריה יהודית,,גן,,ה
קויפמן,פרופ',יחזקאל,יא. תרבות ומדע,יב. פרס ישראל,רחוב,455,ה
קורא,,,יז. צמחים ובעלי חיים,,משעול,314,ה
קיפוד,,,יז. צמחים ובעלי חיים,,משעול,322,ה
קפריסין,,,ז. מקומות של עם ישראל,,רחוב,307,ה
"ש""י עגנון",,(שמואל יוסף),יא. תרבות ומדע,יג. פרס נובל,רחוב,344,ה
שאר ישוב,,,ז. מקומות של עם ישראל,,רחוב,308,ה
שלונסקי,"ד""ר",אברהם,יא. תרבות ומדע,יב. פרס ישראל,רחוב,341,ה
שליו,,,יז. צמחים ובעלי חיים,,משעול,313,ה
שממית,,,יז. צמחים ובעלי חיים,,משעול,328,ה
שמשון,,,ח. מורשת,,דרך,309,ה
שנונית,,,יז. צמחים ובעלי חיים,,משעול,329,ה
אבוחצירא,,,ד. הסטוריה יהודית,,רחוב,551,ו
אבישי,,(בן-צרויה),ח. מורשת,,רחוב,497,ו
אבנר,,(בן-נר),ח. מורשת,,רחוב,475,ו
אבצן,,,ח. מורשת,,רחבת,461,ו
"אג""ן",,,ח. מורשת,,רחבת,554,ו
אדיס אבבה,,,ו. ישובים הקשורים לעיר,,כיכר,6023,ו
אדלר,פרופ',שאול,יא. תרבות ומדע,יב. פרס ישראל,רחוב,555,ו
אולשן,פרופ',יצחק,יא. תרבות ומדע,,רחוב,556,ו
אונטרמן,הרב,איסר יהודה,ד. הסטוריה יהודית,,רחוב,557,ו
אוני,,,ו. ישובים הקשורים לעיר,,כיכר,,ו
אחאב,,,ח. מורשת,,רחוב,355,ו
אחזיה,,,ח. מורשת,,רחבת,391,ו
אחימאיר,"ד""ר","אב""א (אבא בן אייזיק)",ד. הסטוריה יהודית,יא. תרבות,שדרות,1120,ו
איפרגן,,משפחת,ב. תושבי העיר,,כיכר,6019,ו
אליהו,,(ועקנין),ט. לוחמי ישראל,,גן,,ו
אלכסנדרוני,,,ט. לוחמי ישראל,,רחבת,462,ו
אמציה,,,ח. מורשת,,רחבת,392,ו
אסא,,,ח. מורשת,,רחוב,298,ו
"אצ""ל",,,ד. הסטוריה יהודית,,שדרות,373,ו
אקצין,פרופ',בנימין,יא. תרבות ומדע,יב. פרס ישראל,רחוב,560,ו
בובר,פרופ',מרטין,יא. תרבות ומדע,יב. פרס ישראל,רחוב,553,ו
בוגלה,,יונה,ד. הסטוריה יהודית,,רחוב,528,ו
בן איש חי,,יוסף חיים,ד. הסטוריה יהודית,,רחוב,562,ו
בן אשר,,אהרן בן-משה,ד. הסטוריה יהודית,,רחבת,563,ו
בן חביב,רבי,לוי,ד. הסטוריה יהודית,,רחוב,564,ו
בן חור,אלוף,אליהו,ט. לוחמי ישראל,,רחוב,663,ו
בן נון,,יהושע,ח. מורשת,,רחבת,466,ו
ברדיצ'בסקי,"ד""ר",מיכה יוסף,יא. תרבות ומדע,,רחוב,565,ו
ברית כהונה,,,יא. תרבות ומדע,,רחוב,567,ו
ברלב,רב-אלוף,חיים,ט. לוחמי ישראל,,רחוב,664,ו
גאלאנטי,,,ד. הסטוריה יהודית,,רחוב,568,ו
גדעון,,השופט,ח. מורשת,,רחבת,476,ו
גויטיין,,דוד,יא. תרבות ומדע,,רחוב,569,ו
גיבור,פרופ',דניס,יא. תרבות ומדע,יג. פרס נובל,רחוב,657,ו
דוד אלעזר,רב-אלוף,דדו,ט. לוחמי ישראל,,רחוב,372,ו
דונקלבלום,"ד""ר",מנחם,יא. תרבות ומדע,,רחוב,570,ו
דורי,רב-אלוף,יעקב,ט. לוחמי ישראל,,רחוב,374,ו
דיין,רב-אלוף,משה,ט. לוחמי ישראל,,רחוב,572,ו
"האדר""ת",,,ד. הסטוריה יהודית,,רחוב,571,ו
הטייסים,,,ט. לוחמי ישראל,,גן,,ו
"המהר""ל",,,ד. הסטוריה יהודית,,רחוב,575,ו
הראל,,,ט. לוחמי ישראל,,רחבת,465,ו
ויתקון,"ד""ר",אלפרד,יא. תרבות ומדע,,רחוב,578,ו
זוסמן,"ד""ר",יואל,יא. תרבות ומדע,יב. פרס ישראל,רחוב,579,ו
זילברג,פרופ',משה,יא. תרבות ומדע,יב. פרס ישראל,רחוב,580,ו
זמורה,,משה,יא. תרבות ומדע,,רחוב,581,ו
"ח""ן",,(חיל נשים),ט. לוחמי ישראל,,רחבת,658,ו
חביב,,זריהן,ב. תושבי העיר,טז. אנשי ציבור,פינת,,ו
חזקיהו,,,ח. מורשת,,רחוב,358,ו
"חי""ל",,,ט. לוחמי ישראל,,רחבת,523,ו
חשין,"ד""ר",שניאור זלמן,יא. תרבות ומדע,,רחוב,583,ו
טולדנו,,,ד. הסטוריה יהודית,,רחוב,659,ו
טלמון,,יעקב,ב. תושבי העיר,,רחוב,584,ו
יאשיהו,,,ח. מורשת,,רחוב,299,ו
יהוא,,,ח. מורשת,,רחוב,354,ו
יהואש,,,ח. מורשת,,רחוב,376,ו
יהודי אתיופיה,,,ד. הסטוריה יהודית,,כיכר,,ו
יהויכין,,,ח. מורשת,,רחוב,357,ו
יהורם,,,ח. מורשת,,רחוב,297,ו
יהושפט,,,ח. מורשת,,רחוב,371,ו
יותם,,,ח. מורשת,,רחבת,393,ו
יעל,,,יז. צמחים ובעלי חיים,,רחבת,529,ו
ירקוני,,עמוס,ט. לוחמי ישראל,,רחוב,587,ו
"יש""א ברכ""ה",,,ד. הסטוריה יהודית,,רחוב,588,ו
"לח""י",,,ט. לוחמי ישראל,,רחבת,464,ו
מבצע ארז,,,ט. לוחמי ישראל,,רחבת,397,ו
מבצע ברוש,,,ט. לוחמי ישראל,,רחבת,390,ו
מבצע דני,,,ט. לוחמי ישראל,,רחוב,280,ו
מבצע חורב,,,ט. לוחמי ישראל,,רחוב,293,ו
מבצע חירם,,,ט. לוחמי ישראל,,רחוב,292,ו
מבצע יואב,,,ט. לוחמי ישראל,,רחוב,285,ו
מבצע יונתן,,,ט. לוחמי ישראל,,משעול,399,ו
מבצע יקב,,,ט. לוחמי ישראל,,רחבת,396,ו
מבצע לוט,,,ט. לוחמי ישראל,,רחוב,282,ו
מבצע נחשון,,,ט. לוחמי ישראל,,רחוב,283,ו
מבצע עובדה,,,ט. לוחמי ישראל,,רחוב,284,ו
מבצע קדם,,,ט. לוחמי ישראל,,רחבת,398,ו
מבצע קלשון,,,ט. לוחמי ישראל,,רחבת,395,ו
מזוז,הרב,מצליח,ד. הסטוריה יהודית,,רחוב,589,ו
מקלף,רב-אלוף,מרדכי,ט. לוחמי ישראל,,רחוב,377,ו
נדב,,,ח. מורשת,,רחוב,375,ו
ניצני,"ד""ר",עזריאל,טז. אנשי ציבור,,רחוב,550,ו
סלנט,הרב,שמואל,ד. הסטוריה יהודית,,רחוב,592,ו
סרנא,הרב,יחזקאל,ד. הסטוריה יהודית,,רחוב,593,ו
עוזי פרץ,,,ט. לוחמי ישראל,,גן,,ו
עמרי,,,ח. מורשת,,רחוב,296,ו
עשהאל,,(בן צרויה),ח. מורשת,,רחבת,474,ו
פל-ים,,,ט. לוחמי ישראל,,רחבת,463,ו
פרומקין,,גד,יא. תרבות ומדע,,רחוב,596,ו
פרי חדש,,,ד. הסטוריה יהודית,,רחוב,597,ו
פרידמן,"ד""ר",אלי,ב. תושבי העיר,,כיכר,6021,ו
פריץ אלברט,פרופ',(ליפמן),יא. תרבות ומדע,יג. פרס נובל,רחוב,661,ו
פרנק,הרב,צבי פסח,ד. הסטוריה יהודית,,רחוב,598,ו
צדקיהו,,,ח. מורשת,,רחוב,356,ו
"רשב""א",,,ד. הסטוריה יהודית,,רחוב,654,ו
שאול המלך,,,ח. מורשת,,רחוב,353,ו
שטיין,פרופ',ריכרד,יא. תרבות ומדע,יב. פרס ישראל,רחוב,656,ו
שטיינברג,,יהודה,ד. הסטוריה יהודית,,רחוב,655,ו
שלומציון,,המלכה,ח. מורשת,,רחבת,394,ו
שמגר השופט,,,ח. מורשת,,רחבת,459,ו
שמחת כהן,,,ד. הסטוריה יהודית,,רחוב,660,ו
שקד,,,יז. צמחים ובעלי חיים,,רחוב,262,ו
אביגדור,,הכט,ב. תושבי העיר,טז. אנשי ציבור,גן,,ט
אבן-שושן,פרופ',אברהם,יא. תרבות ומדע,,רחוב,1381,ט
אבן שפרוט,,חסדאי,ח. מורשת,,רחוב,1115,ט
אגרנט,פרופ',שמעון,יא. תרבות ומדע,יב. פרס ישראל,רחוב,1376,ט
אופירה,,,ז. מקומות של עם ישראל,,רחבת,477,ט
אורבך,פרופ',אפרים,יא. תרבות ומדע,יב. פרס ישראל,רחוב,1383,ט
אורלנד,,יעקב,יא. תרבות ומדע,,רחוב,1385,ט
אלחריזי,,יהודה,ח. מורשת,,רחוב,1128,ט
אפק,,,ז. מקומות של עם ישראל,,רחוב,489,ט
ארגוב,,אלכסנדר (סשה),יא. תרבות ומדע,יב. פרס ישראל,רחוב,1384,ט
ארדון,,מרדכי,יא. תרבות ומדע,יב. פרס ישראל,רחוב,1387,ט
בוסתנאי,,(בן-חנינא),ח. מורשת,,רחוב,1124,ט
בית אל,,,ז. מקומות של עם ישראל,,רחוב,346,ט
בית לחם,,,ז. מקומות של עם ישראל,,רחוב,381,ט
בית שאן,,,ז. מקומות של עם ישראל,,רחוב,486,ט
בן לברט,,דונש,ד. הסטוריה יהודית,,רחוב,1130,ט
בן סרוק,,מנחם,ד. הסטוריה יהודית,,רחוב,1131,ט
בץ,,מאיר,ב. תושבי העיר,טז. אנשי ציבור,קרית,,ט
ג'ו אלון,,(יוסף פלצ'ק),ט. לוחמי ישראל,,שדרות,359,ט
גבולות,,,ז. מקומות של עם ישראל,,משעול,1404,ט
גבעון,,,ז. מקומות של עם ישראל,,משעול,452,ט
גורן,"אלוף, הרב",שלמה,יא. תרבות ומדע,יב. פרס ישראל,רחוב,1375,ט
גת,,,ז. מקומות של עם ישראל,,רחוב,487,ט
דה בוטון,הרב,יהודה,ד. הסטוריה יהודית,,רחוב,1141,ט
דנציגר,,יצחק,יא. תרבות ומדע,יב. פרס ישראל,רחוב,1378,ט
האי גאון,,,ד. הסטוריה יהודית,,רחוב,1145,ט
הבונים החופשים,,,יח. קרוב לבבות,,כיכר,6012,ט
הגאונים,,,ד. הסטוריה יהודית,,רחוב,1146,ט
הולצברג,,שמחה,יח. קרוב לבבות,יב. פרס ישראל,רחוב,500,ט
הטייסים,,,ט. לוחמי ישראל,,צומת,,ט
המשמר האזרחי,,,ב. תושבי העיר,יח. קרוב לבבות,כיכר,,ט
השוטר,,,ב. תושבי העיר,,כיכר,,ט
השופט אלקיים,,שלמה,ב. תושבי העיר,,רחוב,1388,ט
התיבונים,,,ד. הסטוריה יהודית,,רחוב,1150,ט
וילנסקי,,משה,יא. תרבות ומדע,יב. פרס ישראל,רחוב,1377,ט
ולבר,,יצחק,ב. תושבי העיר,,רחוב,1354,ט
חביב,הרב,חי,ד. הסטוריה יהודית,,רחוב,1156,ט
חפר,,,ז. מקומות של עם ישראל,,משעול,481,ט
חצור,,,ז. מקומות של עם ישראל,,רחבת,384,ט
טבריה,,,ז. מקומות של עם ישראל,,רחבת,389,ט
יבנה,,,ז. מקומות של עם ישראל,,רחבת,480,ט
יגאל ידין,"רב-אלוף, פרופ'",,ט. לוחמי ישראל,,שדרות,485,ט
ימית,,,ז. מקומות של עם ישראל,,רחבת,482,ט
ירושלים,,,ז. מקומות של עם ישראל,,שדרות,360,ט
יריחו,,,ז. מקומות של עם ישראל,,רחוב,382,ט
לון,,,א. ידידי העיר,,חורשה,,ט
ליונס,,,יח. קרוב לבבות,,כיכר,,ט
לכיש,,,ז. מקומות של עם ישראל,,רחבת,383,ט
מגידו,,,ז. מקומות של עם ישראל,,רחוב,388,ט
מוצא,,,ז. מקומות של עם ישראל,,משעול,385,ט
מזר,פרופ',בינימין,יא. תרבות ומדע,יב. פרס ישראל,רחוב,1380,ט
ממשית,,,ז. מקומות של עם ישראל,,רחוב,478,ט
מצפה,,,ז. מקומות של עם ישראל,,רחבת,451,ט
נאות לון,,,א. ידידי העיר,,תת שכונה,,ט
סוסיא,,,ז. מקומות של עם ישראל,,משעול,380,ט
עבדת,,,ז. מקומות של עם ישראל,,רחוב,488,ט
עדני,הרב,שלמה,ד. הסטוריה יהודית,,רחוב,1176,ט
עין גדי,,,ז. מקומות של עם ישראל,,רחוב,484,ט
עכו,,,ז. מקומות של עם ישראל,,רחוב,483,ט
עקרון,,,ז. מקומות של עם ישראל,,משעול,453,ט
פטנקין,פרופ',דן,יא. תרבות ומדע,יב. פרס ישראל,רחוב,1382,ט
פלוסר,פרופ',דוד,יא. תרבות ומדע,יב. פרס ישראל,רחוב,1379,ט
ציפורי,,,ז. מקומות של עם ישראל,,רחבת,387,ט
צפת,,,ז. מקומות של עם ישראל,,רחבת,345,ט
קורא הדורות,,,ד. הסטוריה יהודית,,רחוב,1188,ט
קיבוץ גלויות,,,ד. הסטוריה יהודית,,פארק,,ט
קסריה,,,ז. מקומות של עם ישראל,,רחוב,496,ט
קפאח,הרב,יחיא,ד. הסטוריה יהודית,,רחוב,1189,ט
קראוס,,גרטרוד,יא. תרבות ומדע,,רחוב,1386,ט
רבין,,לאה,טז. אנשי ציבור,,רחוב,700,ט
רמון,אלוף משנה,אילן,ט. לוחמי ישראל,,שדרות,1389,ט
רמלה,,,ז. מקומות של עם ישראל,,רחוב,494,ט
שבטה,,,ז. מקומות של עם ישראל,,רחוב,479,ט
שומרון,,,ז. מקומות של עם ישראל,,רחוב,495,ט
שכם,,,ז. מקומות של עם ישראל,,רחוב,386,ט
שער הגיא,,,ז. מקומות של עם ישראל,,רחוב,499,ט
שרירא גאון,,,ד. הסטוריה יהודית,,רחוב,1199,ט
תבורי,רב-ניצב,חיים,ב. תושבי העיר,,רחוב,994,ט
תבורי,רב-ניצב,חיים,ב. תושבי העיר,,גן,,ט
תמנע,,,ז. מקומות של עם ישראל,,רחוב,493,ט
אביגור,,שאול,ט. לוחמי ישראל,,משעול,449,יא
אברבנאל,,דון-יצחק,ח. מורשת,,רחוב,347,יא
אלפסי,,יצחק בן-יעקב,ח. מורשת,,רחוב,348,יא
אקלום,,פרדה יזזאו,ב. תושבי העיר,ט. לוחמי ישראל,כיכר,6024,יא
ארליך,,שמחה,טז. אנשי ציבור,,רחוב,1110,יא
בן עטר,הרב,חיים,ד. הסטוריה יהודית,,רחבת,362,יא
בנטוב,,מרדכי,טז. אנשי ציבור,טו. מגילת העצמאות,משעול,1129,יא
ברזילי,,ישראל,טז. אנשי ציבור,,רחוב,1134,יא
ברקת,,ראובן,טז. אנשי ציבור,,כיכר,1136,יא
גבתי,,חיים,טז. אנשי ציבור,,כיכר,431,יא
גולדה מאיר,,,ד. הסטוריה יהודית,יד. יקירי העיר,שדרות,472,יא
גרינבוים,,יצחק,טז. אנשי ציבור,טו. מגילת העצמאות,רחוב,1139,יא
דב יוסף,,,טז. אנשי ציבור,טו. מגילת העצמאות,רחוב,467,יא
דולצ'ין,,אריה,טז. אנשי ציבור,,רחוב,1108,יא
דינור,פרופ',בן ציון,יא. תרבות ומדע,יב. פרס ישראל,רחוב,1103,יא
דקלה,,,ז. מקומות של עם ישראל,,רחוב,448,יא
"החיד""א",,,ד. הסטוריה יהודית,,רחוב,367,יא
החייל האוסטרלי,,,א. ידידי העיר,,פארק,,יא
הנצחון,,,ד. הסטוריה יהודית,,גן,,יא
"הרא""ש",,,ד. הסטוריה יהודית,,רחבת,349,יא
הרצוג,הרב,איסר,ד. הסטוריה יהודית,,רחוב,473,יא
הרצל קלעי,,,ב. תושבי העיר,,גן,,יא
"השל""ה",,,ד. הסטוריה יהודית,,רחבת,365,יא
זלמן ארן,,,טז. אנשי ציבור,,רחוב,468,יא
חורי,הרב,חיים,ב. תושבי העיר,,כיכר,370,יא
חזני,,מיכאל,טז. אנשי ציבור,,רחוב,470,יא
"חת""ם סופר",,,ד. הסטוריה יהודית,,רחבת,368,יא
יערי,,מאיר,טז. אנשי ציבור,,רחוב,1102,יא
ישראל ישעיהו,,,טז. אנשי ציבור,,רחוב,491,יא
לנדאו,,חיים,טז. אנשי ציבור,,רחוב,1105,יא
מויאל,,אליהו,ב. תושבי העיר,,רחוב,1166,יא
מרקדו,הרב,מאיר,יא. תרבות ומדע,,כיכר,490,יא
ניר,,נחום,טז. אנשי ציבור,טו. מגילת העצמאות,כיכר,1171,יא
נמיר,,מרדכי,טז. אנשי ציבור,,רחוב,1109,יא
נספי סודאן,,,ד. הסטוריה יהודית,ב. תושבי העיר,גן,,יא
סבידור,,מנחם,טז. אנשי ציבור,,משעול,1106,יא
סנה,"ד""ר",משה,ד. הסטוריה יהודית,,כיכר,1174,יא
סרלין,,יוסף,טז. אנשי ציבור,,רחוב,1175,יא
עוזיאל,הרב,חי בן-ציון,ד. הסטוריה יהודית,,רחבת,361,יא
פנקס,,דוד צבי,טז. אנשי ציבור,טו. מגילת העצמאות,משעול,1104,יא
פרדס,הרב,אליהו,טז. אנשי ציבור,,רחבת,378,יא
פרסיץ,,שושנה,יא. תרבות ומדע,יב. פרס ישראל,כיכר,1183,יא
ציזלינג,,אהרון,טז. אנשי ציבור,טו. מגילת העצמאות,רחוב,1101,יא
קדיש לוז,,,טז. אנשי ציבור,,משעול,492,יא
קוק,הרב,יהודה לייב,ד. הסטוריה יהודית,יא. תרבות ומדע,רחבת,364,יא
ראול,,ולנברג,ה. חסידי אומות עולם,,גן,,יא
"רד""ק",,דוד קמחי,ד. הסטוריה יהודית,,רחבת,350,יא
רוזן,,פנחס,טז. אנשי ציבור,טו. מגילת העצמאות,רחוב,1191,יא
רופין,"ד""ר",ארתור,ד. הסטוריה יהודית,י. מנהיגים יהודים,רחוב,471,יא
רוקח,,ישראל,טז. אנשי ציבור,,רחוב,1107,יא
רימלט,,אלימלך,טז. אנשי ציבור,,רחוב,1194,יא
"רמ""א",,,ד. הסטוריה יהודית,,רחבת,363,יא
שיטרית,,בכור,טז. אנשי ציבור,טו. מגילת העצמאות,רחוב,460,יא
שרת,,משה,טז. אנשי ציבור,טו. מגילת העצמאות,רחוב,469,יא
ששון,,אליהו,טז. אנשי ציבור,,משעול,450,יא
תמיר,,שמואל,טז. אנשי ציבור,,רחוב,430,יא
נחל חבר,,,ז. מקומות של עם ישראל,,,670,הפארק
נחל פרת,,,ז. מקומות של עם ישראל,,,671,הפארק
נחל נקרות,,,ז. מקומות של עם ישראל,,,672,הפארק
נחל קדרון,,,ז. מקומות של עם ישראל,,,673,הפארק
נחל משמר,,,ז. מקומות של עם ישראל,,,674,הפארק
נחל שילה,,,ז. מקומות של עם ישראל,,,675,הפארק
נחל יהל,,,ז. מקומות של עם ישראל,,,676,הפארק
נחל בוקק,,,ז. מקומות של עם ישראל,,,677,הפארק
נחל ימין,,,ז. מקומות של עם ישראל,,,678,הפארק
נחל יבניאל,,,ז. מקומות של עם ישראל,,,679,הפארק
נחל צלמון,,,ז. מקומות של עם ישראל,,,680,הפארק
נחל עמוד,,,ז. מקומות של עם ישראל,,,681,הפארק
נחל חיון,,,ז. מקומות של עם ישראל,,,682,הפארק
נחל נטפים,,,ז. מקומות של עם ישראל,,,683,הפארק
נחל פרס,,,ז. מקומות של עם ישראל,,,684,הפארק
נחל גוב,,,ז. מקומות של עם ישראל,,,685,הפארק
נחל לבן,,,ז. מקומות של עם ישראל,,,687,הפארק
נחל משושים,,,ז. מקומות של עם ישראל,,,688,הפארק
נחל ערוגות,,,ז. מקומות של עם ישראל,,,689,הפארק
נחל ציחור,,,ז. מקומות של עם ישראל,,,690,הפארק
נחל דליות,,,ז. מקומות של עם ישראל,,,691,הפארק
נחל סער,,,ז. מקומות של עם ישראל,,,692,הפארק
נחל דישון,,,ז. מקומות של עם ישראל,,,693,הפארק
אבנור,,חנה,טז. אנשי ציבור,,רחוב,176,כלניות
אויערבך,,בונה,ב. תושבי העיר,,רחוב,161,כלניות
אשר,,פלורי,ב. תושבי העיר,,רחוב,166,כלניות
בוקסבוים,,אידה,ב. תושבי העיר,,רחוב,163,כלניות
בירון-קטן,,עליזה,ב. תושבי העיר,,רחוב,185,כלניות
בלייברג,,אמירה,ב. תושבי העיר,,רחוב,186,כלניות
בן-אליהו,,בת שבע,ב. תושבי העיר,,רחוב,184,כלניות
בן-פורת,,מרים,טז. אנשי ציבור,,רחוב,189,כלניות
ברזאני,,אסנת,ד. הסטוריה יהודית,,רחוב,159,כלניות
ברנהיים,,אליאונור,ב. תושבי העיר,,רחוב,172,כלניות
ברץ,,טובה,ב. תושבי העיר,,רחוב,180,כלניות
גינוסר (גינצברג),,רוזה,טז. אנשי ציבור,,רחוב,191,כלניות
גלר,,עדה,טז. אנשי ציבור,,רחוב,158,כלניות
דמארי,,שושנה,יא. תרבות ומדע,,רחוב,174,כלניות
דניאל-נטף,פרופ',סוזן,יא. תרבות ומדע,,רחוב,192,כלניות
הילמן,,רות,ב. תושבי העיר,,רחוב,178,כלניות
זוהרה אלפסיה,,,יא. תרבות ומדע,,רחוב,168,כלניות
חזה,,עופרה,יא. תרבות ומדע,,רחוב,182,כלניות
ירקוני,,יפה,יא. תרבות ומדע,,רחוב,170,כלניות
כהן,"ד""ר",וילהלמינה,ב. תושבי העיר,,רחוב,175,כלניות
כהנוב,,ז'קלין,יא. תרבות ומדע,,רחוב,194,כלניות
להמן,,מרגיט,ב. תושבי העיר,,רחוב,167,כלניות
לוי-תנאי,,שרה,יא. תרבות ומדע,,רחוב,169,כלניות
נשיא,,דונה גרציה,ד. הסטוריה יהודית,,רחוב,155,כלניות
סיקורה,"ד""ר",קריסטינה,ב. תושבי העיר,,רחוב,183,כלניות
סנהדראי,,טובה,טז. אנשי ציבור,,רחוב,173,כלניות
עאזר,,אדלה,ב. תושבי העיר,,רחוב,171,כלניות
עזריהו,,שרה,טז. אנשי ציבור,,רחוב,188,כלניות
עליזה בגין,,,טז. אנשי ציבור,,רחוב,156,כלניות
פולה בן גוריון,,,טז. אנשי ציבור,,רחוב,157,כלניות
צברי,,רחל,טז. אנשי ציבור,,רחוב,193,כלניות
צפירה,,ברכה,יא. תרבות ומדע,,רחוב,190,כלניות
קוזלובסקי,,טרודי והנרי,ב. תושבי העיר,,רחוב,164,כלניות
קירי,פרופ',מארי,יא. תרבות ומדע,,רחוב,162,כלניות
קלוס-פישמן,"ד""ר",ג'ין,ב. תושבי העיר,,רחוב,165,כלניות
רביקוביץ,,דליה,יא. תרבות ומדע,,רחוב,177,כלניות
שבבו,,שושנה,יא. תרבות ומדע,,רחוב,195,כלניות
שמיר,,אולגה,ב. תושבי העיר,,רחוב,187,כלניות
שמר,,נעמי,יא. תרבות ומדע,,רחוב,160,כלניות
בגין,,מנחם,ד. הסטוריה יהודית,יג. פרס נובל,כיכר,534,מ. אזרחי
בן צבי,,יצחק,ד. הסטוריה יהודית,יד. יקירי העיר,רחוב,834,מ. אזרחי
הבנים,,,ט. לוחמי ישראל,,כיכר,,מ. אזרחי
המתנדבים,,,ב. תושבי העיר,יח. קרוב לבבות,כיכר,6017,מ. אזרחי
התקוה,,,ד. הסטוריה יהודית,,מדרחוב,828,מ. אזרחי
וולפסון,,דוד,י. מנהיגים יהודים,,רחוב,838,מ. אזרחי
חכם,,דוד,ב. תושבי העיר,,שדרות,1369,מ. אזרחי
חנני,פרופ',חיים,ב. תושבי העיר,,רחוב,522,מ. אזרחי
חנקין,,יהושוע,ד. הסטוריה יהודית,א. ידידי העיר,רחוב,870,מ. אזרחי
יחיל,,חיים,טז. אנשי ציבור,,רחוב,885,מ. אזרחי
יפה,,לייב,ד. הסטוריה יהודית,,רחוב,842,מ. אזרחי
משה,,שפריר,ב. תושבי העיר,,גן,,מ. אזרחי
נהריים,,,ז. מקומות של עם ישראל,,רחוב,836,מ. אזרחי
נורדאו,"ד""ר",מקס,ד. הסטוריה יהודית,י. מנהיגים יהודים,רחוב,533,מ. אזרחי
סולד,,הנריאטה,ד. הסטוריה יהודית,י. מנהיגים יהודים,רחוב,837,מ. אזרחי
פריאר,,רחה,ד. הסטוריה יהודית,י. מנהיגים יהודים,רחוב,986,מ. אזרחי
קרויצר,,מנחם,ב. תושבי העיר,,רחוב,829,מ. אזרחי
רוטשילד,,,י. מנהיגים יהודים,,שדרות,1410,מ. אזרחי
שמריהו לוין,,,יא. תרבות ומדע,,רחוב,840,מ. אזרחי
אביגדור המאירי,,,יא. תרבות ומדע,,רחוב,1054,נווה זאב
אורות ישראל,,,ד. הסטוריה יהודית,,רחוב,1088,נווה זאב
אילת השחר,,,יא. תרבות ומדע,,רחוב,1099,נווה זאב
אימבר,,נפתלי הרץ,יא. תרבות ומדע,,שדרות,988,נווה זאב
אנקור,,,יז. צמחים ובעלי חיים,,רחוב,120,נווה זאב
אסנת,,,ח. מורשת,,רחוב,1035,נווה זאב
אריה סימון,"ד""ר",,יא. תרבות ומדע,יב. פרס ישראל,כיכר,,נווה זאב
ארץ חמדה,,,יא. תרבות ומדע,,רחוב,1095,נווה זאב
אש,,שלום,יא. תרבות ומדע,,רחוב,369,נווה זאב
אשבל,,מיכאל,יא. תרבות ומדע,,רחוב,1037,נווה זאב
בורג,"ד""ר",יוסף,טז. אנשי ציבור,,רחוב,134,נווה זאב
בז,,,יז. צמחים ובעלי חיים,,רחוב,131,נווה זאב
בר ניסן,,,יא. תרבות ומדע,,רחוב,1043,נווה זאב
ברבור,,,יז. צמחים ובעלי חיים,,רחוב,132,נווה זאב
ברש,,אשר,יא. תרבות ומדע,,רחוב,1045,נווה זאב
גוטמן,,נחום,יא. תרבות ומדע,,רחוב,1100,נווה זאב
גולי קניה,,,ט. לוחמי ישראל,,רחוב,1047,נווה זאב
גור,,יהודה,יא. תרבות ומדע,,רחוב,1048,נווה זאב
גרוסמן,,מאיר,יא. תרבות ומדע,,רחוב,1051,נווה זאב
דהאן,הרב,מישאל,ב. תושבי העיר,,רחוב,136,נווה זאב
דיה,,,יז. צמחים ובעלי חיים,,רחוב,121,נווה זאב
דרור,,,יז. צמחים ובעלי חיים,,רחוב,130,נווה זאב
הטפטפת,,,ב. תושבי העיר,,כיכר,,נווה זאב
הנשיא הרצוג,,חיים,טז. אנשי ציבור,,שדרות,1056,נווה זאב
הסרנים,,,ב. תושבי העיר,ט. לוחמי ישראל,כיכר,,נווה זאב
התאומים,,,ג. אישים בינלאומיים,,כיכר,,נווה זאב
התורה הגואלת,,,יא. תרבות ומדע,,רחוב,1135,נווה זאב
זכות משה,,,יא. תרבות ומדע,,רחוב,1044,נווה זאב
חוחית,,,יז. צמחים ובעלי חיים,,רחוב,125,נווה זאב
חטיבה שמונה,,,ט. לוחמי ישראל,,רחוב,1063,נווה זאב
חסידה,,,יז. צמחים ובעלי חיים,,רחוב,129,נווה זאב
טיומקין,,זאב,ד. הסטוריה יהודית,,רחוב,1064,נווה זאב
טל חרמון,,,יא. תרבות ומדע,,רחוב,1092,נווה זאב
יוהנה,,(ז'בוטינסקי),יא. תרבות ומדע,,שדרות,1066,נווה זאב
ייבין,,יהושוע,יא. תרבות ומדע,,רחוב,1067,נווה זאב
"יל""ג",,,יא. תרבות ומדע,,רחוב,1068,נווה זאב
ינשוף,,,יז. צמחים ובעלי חיים,,רחוב,124,נווה זאב
יסעור,,,יז. צמחים ובעלי חיים,,רחוב,128,נווה זאב
לרון,,אפרים,ב. תושבי העיר,טז. אנשי ציבור,רחוב,118,נווה זאב
מאפו,,אברהם,יא. תרבות ומדע,,רחוב,1070,נווה זאב
מבצע אסף,,,ט. לוחמי ישראל,,רחוב,960,נווה זאב
מבצע משה,,,ט. לוחמי ישראל,,רחוב,1071,נווה זאב
מי מרום,,,יא. תרבות ומדע,,רחוב,1052,נווה זאב
מקור חיים,,,יא. תרבות ומדע,,רחוב,1083,נווה זאב
מרידור,,יעקב,טז. אנשי ציבור,,רחוב,1034,נווה זאב
נאות אברהם,,,יא. תרבות ומדע,ד. הסטוריה יהודית,תת שכונה,,נווה זאב
נאות אילן,,,ט. לוחמי ישראל,,תת שכונה,6602,נווה זאב
נווה זאב,,,ד. הסטוריה יהודית,,שכונה,,נווה זאב
ניב,,דוד,יא. תרבות ומדע,,רחוב,1072,נווה זאב
נשר,,,יז. צמחים ובעלי חיים,,רחוב,127,נווה זאב
סוד השבועה,,,יא. תרבות ומדע,,רחוב,1097,נווה זאב
סילמן,,קדיש יהודה,יא. תרבות ומדע,,רחוב,1073,נווה זאב
סקולסקי,,שלמה,יא. תרבות ומדע,,רחוב,1076,נווה זאב
סרן דב,,(יעקב גרנק),ט. לוחמי ישראל,,רחוב,1077,נווה זאב
סתוי,,משה,יא. תרבות ומדע,,רחוב,1078,נווה זאב
עדי,,אמנו,ב. תושבי העיר,ט. לוחמי ישראל,גן,,נווה זאב
עיט,,,יז. צמחים ובעלי חיים,,רחוב,126,נווה זאב
עפרוני,,,יז. צמחים ובעלי חיים,,רחוב,139,נווה זאב
פיארברג,,מרדכי זאב,יא. תרבות ומדע,,רחוב,1081,נווה זאב
פיכמן,,יעקב,יא. תרבות ומדע,,רחוב,1082,נווה זאב
פינסקר,"ד""ר",יהודה לייב,ד. הסטוריה יהודית,,רחוב,133,נווה זאב
פרישמן,,דוד,יא. תרבות ומדע,,רחוב,1085,נווה זאב
פרץ,,.י.ל,יא. תרבות ומדע,,רחוב,1086,נווה זאב
פשוש,,,יז. צמחים ובעלי חיים,,רחוב,123,נווה זאב
צוקית,,,יז. צמחים ובעלי חיים,,רחוב,119,נווה זאב
צפורן,,,יז. צמחים ובעלי חיים,,גן,,נווה זאב
קול התור,,,יא. תרבות ומדע,,רחוב,1079,נווה זאב
קול מבשר,,,יא. תרבות ומדע,,רחוב,1033,נווה זאב
קיפניס,,לוין,יא. תרבות ומדע,,רחוב,962,נווה זאב
רוזנבלום,"ד""ר",הרצל,יא. תרבות ומדע,טו. מגילת העצמאות,רחוב,1089,נווה זאב
רוטרי,,,יח. קרוב לבבות,,כיכר,6011,נווה זאב
רונאל,,דב (פרנקל),יא. תרבות ומדע,,רחוב,1091,נווה זאב
שוחט,,ישראל,ט. לוחמי ישראל,,רחוב,135,נווה זאב
שופמן,,גרשון,יא. תרבות ומדע,,רחוב,1094,נווה זאב
שלדג,,,יז. צמחים ובעלי חיים,,רחוב,122,נווה זאב
שמאלי,,אליעזר,יא. תרבות ומדע,יב. פרס ישראל,רחוב,1096,נווה זאב
אביגיל,,,ח. מורשת,,רחוב,1111,נווה מנחם
אבידוב,,צבי,יא. תרבות ומדע,יב. פרס ישראל,רחוב,552,נווה מנחם
אביטל,,,ח. מורשת,,רחוב,1112,נווה מנחם
אבישג,,,ח. מורשת,,רחוב,1113,נווה מנחם
אביתר הכהן,,,ח. מורשת,,רחוב,1114,נווה מנחם
אבשלום,,,ח. מורשת,,רחוב,1116,נווה מנחם
אגוז,,,ד. הסטוריה יהודית,,רחוב,1117,נווה מנחם
אהרון בן יעקב,,,ב. תושבי העיר,,רחוב,432,נווה מנחם
אהרונסון,,שרה ואהרון,ט. לוחמי ישראל,,רחוב,1118,נווה מנחם
אוליצקי,פרופ',אריה,יא. תרבות ומדע,יב. פרס ישראל,רחוב,1119,נווה מנחם
אחינועם,,,ח. מורשת,,רחוב,1127,נווה מנחם
אלישבע,,(ביחובסקי),יא. תרבות ומדע,,רחוב,558,נווה מנחם
אלרואי,,דוד,ד. הסטוריה יהודית,,רחוב,1121,נווה מנחם
אמנון,,,ח. מורשת,,רחוב,1122,נווה מנחם
אנדה עמיר,,(פינקרפלד),יא. תרבות ומדע,יב. פרס ישראל,רחוב,594,נווה מנחם
אסתר המלכה,,,ח. מורשת,,רחוב,1123,נווה מנחם
אפרת,,יעקב,יא. תרבות ומדע,יב. פרס ישראל,רחוב,559,נווה מנחם
ארגוני הנשים,,,טז. אנשי ציבור,,כיכר,6000,נווה מנחם
ארנון,,יצחק,יא. תרבות ומדע,יב. פרס ישראל,רחוב,561,נווה מנחם
בלהה,,,ח. מורשת,,רחוב,1125,נווה מנחם
בלקינד,"ד""ר",נעמן,ט. לוחמי ישראל,,רחוב,1126,נווה מנחם
ברוד,"ד""ר",מקס,יא. תרבות ומדע,,רחוב,1132,נווה מנחם
ברוידס,,אברהם,יא. תרבות ומדע,,רחוב,1133,נווה מנחם
ברטונוב,,יהושוע,יא. תרבות ומדע,יב. פרס ישראל,רחוב,566,נווה מנחם
בת שבע,,,ח. מורשת,,רחוב,1137,נווה מנחם
גדליהו,,(בן אחיקם),ח. מורשת,,רחוב,1138,נווה מנחם
גרינשפן,,הרשל,ד. הסטוריה יהודית,,רחוב,1140,נווה מנחם
דביר,,,ח. מורשת,,רחוב,1350,נווה מנחם
דוד הראובני,,,ד. הסטוריה יהודית,,רחוב,1142,נווה מנחם
דותן,,,ז. מקומות של עם ישראל,,רחוב,1351,נווה מנחם
דקר,,,ט. לוחמי ישראל,,רחוב,1143,נווה מנחם
דרוינוב,,אברהם,יא. תרבות ומדע,,רחוב,1144,נווה מנחם
הוכברג,,נתנאל,יא. תרבות ומדע,יב. פרס ישראל,רחוב,662,נווה מנחם
החשמונאים,,,ח. מורשת,,רחוב,1147,נווה מנחם
היילפרין,פרופ',ליפמן,יא. תרבות ומדע,יב. פרס ישראל,רחוב,1148,נווה מנחם
המלכים,,,ח. מורשת,,רחוב,1149,נווה מנחם
השופטים,,,ח. מורשת,,רחוב,1352,נווה מנחם
ווסרמיל,,ארתור,ח. מורשת,ב. תושבי העיר,רחוב,667,נווה מנחם
ויניק,פרופ',זאב,יא. תרבות ומדע,,רחוב,1151,נווה מנחם
זלפה,,,ח. מורשת,,רחוב,1152,נווה מנחם
זמנהוף,"ד""ר",אליעזר,יא. תרבות ומדע,,רחוב,1153,נווה מנחם
זנגויל,"ד""ר",ישראל,יא. תרבות ומדע,,רחוב,1154,נווה מנחם
זרובבל,,(בן שאלתיאל),ח. מורשת,,רחוב,1155,נווה מנחם
זריצקי,,יוסף,יא. תרבות ומדע,,רחוב,1325,נווה מנחם
חבס,,ברכה,יא. תרבות ומדע,,רחוב,582,נווה מנחם
חוה,,,ח. מורשת,,רחוב,1157,נווה מנחם
חנה,,,ח. מורשת,,רחוב,1158,נווה מנחם
חסמן,,מרק,ב. תושבי העיר,,רחוב,1403,נווה מנחם
טביוב,,ישראל חי,יא. תרבות ומדע,,רחוב,1159,נווה מנחם
טוב,,משה,ב. תושבי העיר,,רחוב,1160,נווה מנחם
טיכו,"ד""ר",אברהם,יא. תרבות ומדע,,רחוב,1161,נווה מנחם
יוכבד בת מרים,,,יא. תרבות ומדע,יב. פרס ישראל,רחוב,585,נווה מנחם
ילן שטקליס,,מרים,יא. תרבות ומדע,יב. פרס ישראל,רחוב,586,נווה מנחם
כספי,,זלמן,ב. תושבי העיר,יא. תרבות ומדע,רחוב,668,נווה מנחם
לאה,,,ח. מורשת,,רחוב,1162,נווה מנחם
לוזון,,אפרים,ד. הסטוריה יהודית,,רחוב,1163,נווה מנחם
לישנסקי,,יוסף,ט. לוחמי ישראל,,רחוב,1164,נווה מנחם
לסקר,,פרץ,ט. לוחמי ישראל,,רחוב,1165,נווה מנחם
מוטה גור,,( מרדכי ),ט. לוחמי ישראל,,רחוב,1402,נווה מנחם
מולכו,,שלמה,ד. הסטוריה יהודית,,רחוב,1167,נווה מנחם
מיכל,,,ח. מורשת,,רחוב,1168,נווה מנחם
מסקין,,אהרון,יא. תרבות ומדע,,רחוב,590,נווה מנחם
מרים הנביאה,,,ח. מורשת,,רחוב,1169,נווה מנחם
מרלא,,(רוז'קה קורצ'ק),ט. לוחמי ישראל,,רחוב,1170,נווה מנחם
נעמי,,,ח. מורשת,,רחוב,1172,נווה מנחם
סטולר,,שמואל,יא. תרבות ומדע,,רחוב,591,נווה מנחם
סמולנסקין,,פרץ,יא. תרבות ומדע,,רחוב,1173,נווה מנחם
סנה,,חיים,ב. תושבי העיר,,רחוב,665,נווה מנחם
פאבל,,(אברהם פרנקל),ט. לוחמי ישראל,,רחוב,1177,נווה מנחם
פועה,,,ח. מורשת,,רחוב,1178,נווה מנחם
פייגנבאום,פרופ',אריה,יא. תרבות ומדע,,רחוב,1179,נווה מנחם
פיינברג,,אבשלום,ט. לוחמי ישראל,,רחוב,1180,נווה מנחם
פילדרמן,,וילהלם,ד. הסטוריה יהודית,,רחוב,1181,נווה מנחם
פינקל,,שמעון,יא. תרבות ומדע,,רחוב,1401,נווה מנחם
פנינה,,,ח. מורשת,,רחוב,1182,נווה מנחם
צ'לנוב,,יחיאל,ד. הסטוריה יהודית,,רחוב,1184,נווה מנחם
צפורה,,,ח. מורשת,,רחוב,1185,נווה מנחם
קדושי יאסי,,,ד. הסטוריה יהודית,,רחוב,1186,נווה מנחם
קדושי סלוניקי,,,ד. הסטוריה יהודית,,רחוב,1187,נווה מנחם
קלצ'קין,,רפאל,יא. תרבות ומדע,,רחוב,599,נווה מנחם
רבקה,,,ח. מורשת,,רחוב,1190,נווה מנחם
רובינא,,חנה,יא. תרבות ומדע,,רחוב,651,נווה מנחם
רודנסקי,,שמואל,יא. תרבות ומדע,יב. פרס ישראל,רחוב,652,נווה מנחם
רוזנהיים,,,ו. ישובים הקשורים לעיר,,גן,,נווה מנחם
רות,,,ח. מורשת,,רחוב,1192,נווה מנחם
רחל אמנו,,,ח. מורשת,,רחוב,1193,נווה מנחם
ריינס,הרב,יעקב יצחק,ח. מורשת,,רחוב,1400,נווה מנחם
רייסר,,מיכה,טז. אנשי ציבור,,מ. ספורט,,נווה מנחם
שאול ואליהו,,,ט. לוחמי ישראל,,רחוב,1195,נווה מנחם
שולמית,,,ח. מורשת,,רחוב,1196,נווה מנחם
שיבא,פרופ',חיים,יא. תרבות ומדע,יב. פרס ישראל,רחוב,1197,נווה מנחם
שפרה,,,ח. מורשת,,רחוב,1198,נווה מנחם
ששת הימים,,,ט. לוחמי ישראל,,שדרות,498,נווה מנחם
אביבית,,,יז. צמחים ובעלי חיים,,רחוב,1029,נווה נוי
אבידום,,מנחם,יא. תרבות ומדע,,רחוב,1031,נווה נוי
אדמון,,ידידיה (גורוכוב),יא. תרבות ומדע,יב. פרס ישראל,רחוב,1032,נווה נוי
אוכמנית,,,יז. צמחים ובעלי חיים,,רחוב,1447,נווה נוי
אורן,,,יז. צמחים ובעלי חיים,,רחוב,1446,נווה נוי
אטד,,,יז. צמחים ובעלי חיים,ח. מורשת,רחוב,1001,נווה נוי
אירוס הנגב,,,יז. צמחים ובעלי חיים,,רחוב,1015,נווה נוי
אלה,,,יז. צמחים ובעלי חיים,,רחוב,1448,נווה נוי
אלמוג,,,יז. צמחים ובעלי חיים,,רחוב,1449,נווה נוי
אפרסמון,,,יז. צמחים ובעלי חיים,,רחוב,1450,נווה נוי
ארבע הגיבורות,,,ד. הסטוריה יהודית,,רחוב,1036,נווה נוי
אשלים,,,יז. צמחים ובעלי חיים,,רחוב,1002,נווה נוי
בוסקוביץ,,אלכסנדר אוריה,יא. תרבות ומדע,,רחוב,1038,נווה נוי
"ביל""ו",,,ד. הסטוריה יהודית,,רחוב,1039,נווה נוי
בן חיים,,פאול,יא. תרבות ומדע,,רחוב,1040,נווה נוי
בן יעקב,,צבי,ט. לוחמי ישראל,,רחוב,1041,נווה נוי
ברדיצ'ב,,אבא,ט. לוחמי ישראל,,רחוב,1042,נווה נוי
גבתון,,חנוך,יא. תרבות ומדע,,רחוב,1049,נווה נוי
גולדשטיין,,פרץ,ט. לוחמי ישראל,,רחוב,1046,נווה נוי
גומא,,,יז. צמחים ובעלי חיים,,רחוב,1445,נווה נוי
גלזמן,,יוסף,ד. הסטוריה יהודית,,רחוב,1050,נווה נוי
דודאים,,,יז. צמחים ובעלי חיים,,רחוב,1003,נווה נוי
די זהב,,אפרים (גולדשטיין),יא. תרבות ומדע,,רחוב,1053,נווה נוי
הגנים,,,יז. צמחים ובעלי חיים,,כיכר,6004,נווה נוי
הגפן,,,יז. צמחים ובעלי חיים,,רחוב,985,נווה נוי
הדר,,,יז. צמחים ובעלי חיים,,רחוב,1405,נווה נוי
"הע""ל",,,ד. הסטוריה יהודית,,רחוב,1016,נווה נוי
הפרטיזנים,,,ט. לוחמי ישראל,,רחוב,1055,נווה נוי
הצנחנים,,,ט. לוחמי ישראל,,רחוב,1057,נווה נוי
הרדוף,,,יז. צמחים ובעלי חיים,,רחוב,1022,נווה נוי
ויטנברג,,יצחק,ט. לוחמי ישראל,,רחוב,1058,נווה נוי
וילנר,,אריה,ט. לוחמי ישראל,,רחוב,1059,נווה נוי
ורד,,,יז. צמחים ובעלי חיים,,רחוב,1021,נווה נוי
זינדר,,חמדה וצבי,יא. תרבות ומדע,,רחוב,1060,נווה נוי
חבצלת הנגב,,,יז. צמחים ובעלי חיים,,רחוב,1005,נווה נוי
חובב,,משה,יא. תרבות ומדע,,רחוב,1061,נווה נוי
חזמה,,יעקב,יא. תרבות ומדע,,רחוב,1062,נווה נוי
חצב,,,יז. צמחים ובעלי חיים,,רחוב,1006,נווה נוי
חרצית,,,יז. צמחים ובעלי חיים,,רחוב,1025,נווה נוי
טננבוים,,מרדכי,ד. הסטוריה יהודית,,רחוב,1065,נווה נוי
יסמין,,,יז. צמחים ובעלי חיים,,רחוב,1018,נווה נוי
יערה,,,יז. צמחים ובעלי חיים,,רחוב,1444,נווה נוי
"כ""ץ",הרב,אליהו,ב. תושבי העיר,ד. הסטוריה יהודית,שדרות,138,נווה נוי
כלנית,,,יז. צמחים ובעלי חיים,,רחוב,1019,נווה נוי
כרכום,,,יז. צמחים ובעלי חיים,,רחוב,1443,נווה נוי
לברי,,מרק,יא. תרבות ומדע,,רחוב,1069,נווה נוי
לילך,,,יז. צמחים ובעלי חיים,,רחוב,1023,נווה נוי
נורית,,,יז. צמחים ובעלי חיים,,רחוב,1020,נווה נוי
נרקיס,,,יז. צמחים ובעלי חיים,,רחוב,1027,נווה נוי
סביון,,,יז. צמחים ובעלי חיים,,רחוב,1406,נווה נוי
סיגלון,,,יז. צמחים ובעלי חיים,,רחוב,1442,נווה נוי
סייפן,,,יז. צמחים ובעלי חיים,,רחוב,1407,נווה נוי
סירני,,אנצו חיים,ט. לוחמי ישראל,,רחוב,1074,נווה נוי
סמילן,,רות (שפירא),יא. תרבות ומדע,,רחוב,1075,נווה נוי
סתונית,,,יז. צמחים ובעלי חיים,,רחוב,1008,נווה נוי
עירית,,,יז. צמחים ובעלי חיים,,רחוב,1004,נווה נוי
פורת,,לאה,יא. תרבות ומדע,,רחוב,1080,נווה נוי
פטל,,,יז. צמחים ובעלי חיים,,רחוב,1000,נווה נוי
פלפלון,,,יז. צמחים ובעלי חיים,,רחוב,1028,נווה נוי
פעמון החירות,,,ג. אישים בינלאומיים,,גן,,נווה נוי
פקועה,,,יז. צמחים ובעלי חיים,,רחוב,1009,נווה נוי
פרטוש,פרופ’,עדן,יא. תרבות ומדע,,משעול,1084,נווה נוי
צאלון,,,יז. צמחים ובעלי חיים,,רחוב,1024,נווה נוי
צביה ויצחק,,(לובוטקין וצוקרמן),ט. לוחמי ישראל,,רחוב,1087,נווה נוי
צבעוני,,,יז. צמחים ובעלי חיים,,רחוב,1010,נווה נוי
צבר,,,יז. צמחים ובעלי חיים,,רחוב,1011,נווה נוי
קובנר,,אבא,ד. הסטוריה יהודית,ט. לוחמי ישראל,רחוב,1030,נווה נוי
רוט,,אגון,ט. לוחמי ישראל,,רחוב,1090,נווה נוי
רותם,,,ט. לוחמי ישראל,,רחוב,1012,נווה נוי
רייס,,רפאל,ט. לוחמי ישראל,,רחוב,1093,נווה נוי
רקפת,,,יז. צמחים ובעלי חיים,,רחוב,1026,נווה נוי
שיזף,,,יז. צמחים ובעלי חיים,,רחוב,1014,נווה נוי
שיטה,,,יז. צמחים ובעלי חיים,,רחוב,1013,נווה נוי
תאנה,,,יז. צמחים ובעלי חיים,,רחוב,1415,נווה נוי
תלמה,,(ילין),יא. תרבות ומדע,,רחוב,1098,נווה נוי
תמר,,,יז. צמחים ובעלי חיים,,רחוב,1007,נווה נוי
בשמת,,,יז. צמחים ובעלי חיים,מועצה 67 - 11/09/2017,רחוב,638,סיגליות
גרגר הנחלים,,,יז. צמחים ובעלי חיים,,רחוב,639,סיגליות
דפנה,,,יז. צמחים ובעלי חיים,,רחוב,631,סיגליות
לימונית,,,יז. צמחים ובעלי חיים,,רחוב,635,סיגליות
מרווה,,,יז. צמחים ובעלי חיים,,רחוב,632,סיגליות
סיגליות,,,יז. צמחים ובעלי חיים,,שכונה,6540,סיגליות
קורנית,,,יז. צמחים ובעלי חיים,,רחוב,634,סיגליות
קינמון,,,יז. צמחים ובעלי חיים,מועצה 67 - 11/09/2017,רחוב,636,סיגליות
רוזמרין,,,יז. צמחים ובעלי חיים,,רחוב,633,סיגליות
ריחן,,,יז. צמחים ובעלי חיים,,רחוב,637,סיגליות
אהוד,,(בן-גרא),ח. מורשת,,רחוב,976,עיר עתיקה
אוהלי קידר,,,ח. מורשת,,רחוב,963,עיר עתיקה
אוסטרובסקי,,גרשון,ב. תושבי העיר,,רחוב,984,עיר עתיקה
אוריה החיתי,,,ח. מורשת,,רחוב,901,עיר עתיקה
אלישע הנביא,,,ח. מורשת,,רחוב,903,עיר עתיקה
אלנבי,פילדמרשל,אדמונד,ג. אישים בינלאומיים,,גן,,עיר עתיקה
אנילביץ',,מרדכי,ד. הסטוריה יהודית,,רחוב,902,עיר עתיקה
אפרים,,,ח. מורשת,,רחוב,904,עיר עתיקה
"אצ""ג",,,ד. הסטוריה יהודית,,רחוב,900,עיר עתיקה
אשר,,,ח. מורשת,,רחוב,905,עיר עתיקה
אתא טורק,,מוסטפה כאמל,ג. אישים בינלאומיים,,כיכר,,עיר עתיקה
באר אברהם,,,ח. מורשת,,רחוב,973,עיר עתיקה
בית אשל,,,ז. מקומות של עם ישראל,ט. לוחמי ישראל,רחוב,906,עיר עתיקה
בן עדי,,הרברט,ב. תושבי העיר,,רחוב,433,עיר עתיקה
בנימין,,,ח. מורשת,,רחוב,907,עיר עתיקה
בר כוכבא,,שמעון,ח. מורשת,,רחוב,908,עיר עתיקה
ברוך,,טירקל,ב. תושבי העיר,,גן,,עיר עתיקה
ברק,,(בן אבינעם),ח. מורשת,,רחוב,909,עיר עתיקה
גד,,,ח. מורשת,,רחוב,910,עיר עתיקה
גרשון,,(דובינבוים),ט. לוחמי ישראל,,רחוב,911,עיר עתיקה
דבורה,,הנביאה,ח. מורשת,,רחוב,912,עיר עתיקה
דיוויס,פרופ',עלי,א. ידידי העיר,יד. יקירי העיר,רחוב,975,עיר עתיקה
דינה,,,ח. מורשת,,רחוב,434,עיר עתיקה
דן,,,ח. מורשת,,רחוב,913,עיר עתיקה
האבות,,,ח. מורשת,,רחוב,914,עיר עתיקה
הגדודים,,,ט. לוחמי ישראל,,רחוב,978,עיר עתיקה
הגדם,,,ט. לוחמי ישראל,,רחוב,979,עיר עתיקה
הגר,,,ח. מורשת,,רחוב,916,עיר עתיקה
הדסה,,,ד. הסטוריה יהודית,,רחוב,917,עיר עתיקה
ההגנה,,,ט. לוחמי ישראל,,רחוב,918,עיר עתיקה
ההסתדרות,,,ד. הסטוריה יהודית,,רחוב,919,עיר עתיקה
הושע,,(בן בארי),ח. מורשת,,רחוב,920,עיר עתיקה
החלוץ,,,ד. הסטוריה יהודית,,רחוב,921,עיר עתיקה
"הל""ה",,,ט. לוחמי ישראל,,רחוב,959,עיר עתיקה
הלמן,,אברהם,ב. תושבי העיר,,רחבת,989,עיר עתיקה
המוכתר,,(משה גורדון),ב. תושבי העיר,,רחוב,981,עיר עתיקה
המכבים,,,ח. מורשת,,רחוב,922,עיר עתיקה
הנוקם,,(שלום שוורצברד),ט. לוחמי ישראל,,רחוב,958,עיר עתיקה
הנשיא,,,ד. הסטוריה יהודית,,גן,,עיר עתיקה
העצמאות,,,ד. הסטוריה יהודית,,רחוב,953,עיר עתיקה
"הפלמ""ח",,,ט. לוחמי ישראל,,רחוב,923,עיר עתיקה
הקומנדו הצרפתי,,,א. ידידי העיר,ט. לוחמי ישראל,צומת,,עיר עתיקה
הרבבה,,,ב. תושבי העיר,,רחוב,924,עיר עתיקה
הרצל,,בנימין זאב,י. מנהיגים יהודים,,רחוב,925,עיר עתיקה
הרצפלד,,אברהם,יב. פרס ישראל,יד. יקירי העיר,רחוב,826,עיר עתיקה
השבטים,,,ח. מורשת,,רחוב,926,עיר עתיקה
השווקים,,,מלאכה ומתכות,,רחוב,983,עיר עתיקה
זבולון,,,ח. מורשת,,רחוב,927,עיר עתיקה
זכריה,,(בן ברכיה),ח. מורשת,,רחוב,928,עיר עתיקה
חבקוק,,,ח. מורשת,,רחוב,929,עיר עתיקה
חברון,,,ז. מקומות של עם ישראל,,רחוב,102,עיר עתיקה
חגי,,,ח. מורשת,,רחוב,930,עיר עתיקה
חטיבת הנגב,,,ט. לוחמי ישראל,,רחוב,931,עיר עתיקה
חנני,,,ח. מורשת,,רחוב,932,עיר עתיקה
טנא,הרב,אביגדור,ב. תושבי העיר,,רחוב,435,עיר עתיקה
טרומפלדור,,יוסף,ד. הסטוריה יהודית,,רחוב,933,עיר עתיקה
יאיר,,(אברהם שטרן),ט. לוחמי ישראל,,רחוב,851,עיר עתיקה
יונה הנביא,,,ח. מורשת,,רחוב,935,עיר עתיקה
יוסף,,,ח. מורשת,,רחוב,936,עיר עתיקה
יוסף ומאיר,,,ב. תושבי העיר,,רחוב,915,עיר עתיקה
יחזקאל,,,ח. מורשת,,רחוב,937,עיר עתיקה
יסקי,"ד""ר",חיים,יא. תרבות ומדע,,רחוב,816,עיר עתיקה
יפתח הגלעדי,,,ח. מורשת,,רחוב,977,עיר עתיקה
ירמיהו,,,ח. מורשת,,רחוב,934,עיר עתיקה
ישמעאל,,,ח. מורשת,,רחוב,938,עיר עתיקה
ישעיהו הנביא,,,ח. מורשת,,רחוב,939,עיר עתיקה
יששכר,,,ח. מורשת,,רחוב,940,עיר עתיקה
כפר דרום,,,ז. מקומות של עם ישראל,,רחוב,971,עיר עתיקה
לוי,,,ח. מורשת,,רחוב,951,עיר עתיקה
מורדי הגטאות,,,ט. לוחמי ישראל,,רחוב,941,עיר עתיקה
מיכה,,,ח. מורשת,,רחוב,942,עיר עתיקה
מלאכי,,,ח. מורשת,,רחוב,943,עיר עתיקה
מנשה,,,ח. מורשת,,רחוב,944,עיר עתיקה
משה אדר,,,ט. לוחמי ישראל,,רחוב,945,עיר עתיקה
מתתיהו,,(כהנוביץ),ב. תושבי העיר,,רחוב,946,עיר עתיקה
נגבה,,,ז. מקומות של עם ישראל,,רחוב,947,עיר עתיקה
נווה עופר,,,ב. תושבי העיר,ט. לוחמי ישראל,תת שכונה,,עיר עתיקה
נחום,,(איש גמזו),ח. מורשת,,רחוב,948,עיר עתיקה
נפתלי,,,ח. מורשת,,רחוב,949,עיר עתיקה
סמילנסקי,,משה,א. ידידי העיר,,רחוב,950,עיר עתיקה
עזרא,,דבי,ב. תושבי העיר,,שוק,,עיר עתיקה
עמוס,,,ח. מורשת,,רחוב,952,עיר עתיקה
צפניה,,,ח. מורשת,,רחוב,955,עיר עתיקה
קטורה,,,ח. מורשת,,רחוב,980,עיר עתיקה
קליין,הרב,אלעזר,ב. תושבי העיר,,רחוב,899,עיר עתיקה
קנדל,אדכ',הנרי,טז. אנשי ציבור,,רחוב,982,עיר עתיקה
"קק""ל - ארה""ב",,,א. ידידי העיר,,כיכר,,עיר עתיקה
קרן קיימת לישראל,,,ד. הסטוריה יהודית,,רחוב,956,עיר עתיקה
ראובן,,,ח. מורשת,,רחוב,957,עיר עתיקה
ראומה,,,ח. מורשת,,סמטת,972,עיר עתיקה
רבין,,יצחק,ד. הסטוריה יהודית,יג. פרס נובל,כיכר,,עיר עתיקה
"רמב""ם",,,ד. הסטוריה יהודית,י. מנהיגים יהודים,רחוב,964,עיר עתיקה
רמז,,דוד,טז. אנשי ציבור,,גן,,עיר עתיקה
שדה,,יצחק,ט. לוחמי ישראל,,רחוב,965,עיר עתיקה
שלושת בני עין חרוד,,,ט. לוחמי ישראל,,רחוב,966,עיר עתיקה
שמואל הנביא,,,ח. מורשת,,רחוב,967,עיר עתיקה
שמחה,,(קוריכמן),ב. תושבי העיר,,רחוב,968,עיר עתיקה
שמחוני,אלוף,אסף,ט. לוחמי ישראל,,רחוב,969,עיר עתיקה
שרה אמנו,,,ח. מורשת,,רחוב,970,עיר עתיקה
אגס,,,יז. צמחים ובעלי חיים,,רחוב,1420,עמק שרה
אילת,,,ז. מקומות של עם ישראל,,דרך,702,עמק שרה
איציק מצליח,,,ב. תושבי העיר,,צומת,,עמק שרה
בית הדפוס,,,מלאכה ומתכות,,כיכר,,עמק שרה
דולב,,,יז. צמחים ובעלי חיים,,רחוב,1431,עמק שרה
דולפין,,,יז. צמחים ובעלי חיים,,רחוב,1426,עמק שרה
דליה,,,יז. צמחים ובעלי חיים,,רחוב,1430,עמק שרה
הבדיל,,,מלאכה ומתכות,,רחוב,855,עמק שרה
הבונים,,,מלאכה ומתכות,,רחוב,865,עמק שרה
הברזל,,,מלאכה ומתכות,,רחוב,886,עמק שרה
הגנן,,,מלאכה ומתכות,,רחוב,887,עמק שרה
הדגן,,,מלאכה ומתכות,,רחוב,852,עמק שרה
הזורע,,,מלאכה ומתכות,,רחוב,888,עמק שרה
החורש,,,מלאכה ומתכות,,רחוב,889,עמק שרה
החרט,,,מלאכה ומתכות,,רחוב,863,עמק שרה
החשמלאי,,,מלאכה ומתכות,,רחוב,853,עמק שרה
הכשרת הישוב,,,א. ידידי העיר,,רחוב,615,עמק שרה
המכונאי,,,מלאכה ומתכות,,רחוב,864,עמק שרה
המנוף,,,מלאכה ומתכות,,רחוב,859,עמק שרה
המסגר,,,מלאכה ומתכות,,רחוב,862,עמק שרה
הנחושת,,,מלאכה ומתכות,,רחוב,854,עמק שרה
הנפח,,,מלאכה ומתכות,,רחוב,890,עמק שרה
הפועלים,,,מלאכה ומתכות,,רחוב,860,עמק שרה
הפחח,,,מלאכה ומתכות,,רחוב,861,עמק שרה
הפלדה,,,מלאכה ומתכות,,רחוב,857,עמק שרה
הפלס,,,מלאכה ומתכות,,רחוב,856,עמק שרה
הקוצר,,,מלאכה ומתכות,,רחוב,891,עמק שרה
הרתך,,,מלאכה ומתכות,,רחוב,892,עמק שרה
חופית,,,יז. צמחים ובעלי חיים,,רחוב,1424,עמק שרה
יגאל אלון,,,ט. לוחמי ישראל,,שדרות,616,עמק שרה
ירדן,,,ז. מקומות של עם ישראל,,רחוב,1422,עמק שרה
להב,,,כלי עבודה,,רחוב,897,עמק שרה
עמיעז,,,ז. מקומות של עם ישראל,,רחוב,1435,עמק שרה
פעמונית,,,יז. צמחים ובעלי חיים,,רחוב,1429,עמק שרה
צאלים,,,ז. מקומות של עם ישראל,,רחוב,1421,עמק שרה
צוער,,,ז. מקומות של עם ישראל,,רחוב,1433,עמק שרה
קישון,,,ז. מקומות של עם ישראל,,רחוב,1423,עמק שרה
שורק,,,ז. מקומות של עם ישראל,,רחוב,1436,עמק שרה
שחף,,,יז. צמחים ובעלי חיים,,רחוב,1432,עמק שרה
שיפון,,,יז. צמחים ובעלי חיים,,רחוב,1434,עמק שרה
שלושת המצפים,,,ז. מקומות של עם ישראל,,רחוב,987,עמק שרה
תור,,,יז. צמחים ובעלי חיים,,רחוב,1425,עמק שרה
תפוז,,,יז. צמחים ובעלי חיים,,רחוב,1427,עמק שרה
תפוח,,,יז. צמחים ובעלי חיים,,רחוב,1428,עמק שרה
אלקיים,,ניסים,ב. תושבי העיר,,רחוב,884,קרית יהודית
אפיקים בנגב,,,א. ידידי העיר,,רחוב,871,קרית יהודית
גוזלן,,"חיים, יוסף, רפאל",ב. תושבי העיר,,רחוב,872,קרית יהודית
דורפמן,,,ב. תושבי העיר,,רחוב,873,קרית יהודית
ונטורה,,ויקטור,ב. תושבי העיר,,רחוב,874,קרית יהודית
טאוב,,צבי,ב. תושבי העיר,,רחוב,875,קרית יהודית
מזרחי,,אליהו,ב. תושבי העיר,,רחוב,876,קרית יהודית
מרגולין,,אליעזר וצילה,ב. תושבי העיר,,רחוב,877,קרית יהודית
ניסנמן,,מאיר,ב. תושבי העיר,,רחוב,878,קרית יהודית
סולל בונה,,,א. ידידי העיר,,רחוב,894,קרית יהודית
סלמה,,יצחק,ב. תושבי העיר,,רחוב,879,קרית יהודית
קטינקא,,ברוך,א. ידידי העיר,טז. אנשי ציבור,רחוב,880,קרית יהודית
רובק,,,ב. תושבי העיר,,רחוב,882,קרית יהודית
שניידרוביץ,,מאיר,ב. תושבי העיר,,רחוב,883,קרית יהודית
תוצרת הארץ,,,ז. מקומות של עם ישראל,,רחוב,113,קרית יהודית
תורן,,יהושוע,ב. תושבי העיר,,רחוב,112,קרית יהודית
אביגד,פרופ',נחמן,יא. תרבות ומדע,יב. פרס ישראל,רחוב,1287,רמות
אביגדור אביטל,,,ב. תושבי העיר,,שדרות,1220,רמות
אבידן,,שמעון,ט. לוחמי ישראל,,רחוב,1332,רמות
אבן ארי,פרופ',מיכאל,יא. תרבות ומדע,א. ידידי העיר,רחוב,1236,רמות
אברהם,,(אפריק),ב. תושבי העיר,,גן,,רמות
אברמסון,פרופ',שרגא,יא. תרבות ומדע,,רחוב,1344,רמות
אדם,אלוף,יקותיאל,ט. לוחמי ישראל,,רחוב,1320,רמות
אהרוני,פרופ',יוחנן,יא. תרבות ומדע,א. ידידי העיר,רחוב,1227,רמות
אולנדורף,פרופ',פרנץ,יא. תרבות ומדע,,רחוב,1228,רמות
אורי צבי,,(גרינברג),ד. הסטוריה יהודית,,שדרות,1288,רמות
אייזנשטדט,פרופ',שמואל,יא. תרבות ומדע,יב. פרס ישראל,רחוב,1314,רמות
איתן,רב אלוף,רפאל (רפול),ט. לוחמי ישראל,טז. אנשי ציבור,רחוב,1309,רמות
אלבק,פרופ',חנוך,יא. תרבות ומדע,,רחוב,1253,רמות
אלדד,"ד""ר",(ישראל שייב),ד. הסטוריה יהודית,,רחוב,1265,רמות
אלי ואייל,,אישה וכהן,ב. תושבי העיר,ט. לוחמי ישראל,גן,,רמות
אלישר,הרב,חיים משה,ד. הסטוריה יהודית,,רחוב,1258,רמות
אלקחי,,מרדכי,ט. לוחמי ישראל,,רחוב,1289,רמות
אמיר,"ד""ר",אברהם,ב. תושבי העיר,,רחוב,1313,רמות
אנפה,,,יז. צמחים ובעלי חיים,,רחוב,1311,רמות
אסר,פרופ',טוביאס,יא. תרבות ומדע,יג. פרס נובל,רחוב,1203,רמות
אפשטיין,,ישראל,ב. תושבי העיר,,רחוב,1307,רמות
אריה,,(לוין),ב. תושבי העיר,,גן,,רמות
ארלנגר,פרופ',ג'וזף,יא. תרבות ומדע,יג. פרס נובל,רחוב,1221,רמות
אשכול,,לוי,ד. הסטוריה יהודית,יד. יקירי העיר,שדרות,1355,רמות
אשכולית,,,יז. צמחים ובעלי חיים,,רחוב,1371,רמות
בדר,"ד""ר",יוחנן,ד. הסטוריה יהודית,,רחוב,1268,רמות
בודה,,יעקב עורב,יא. תרבות ומדע,ב. תושבי העיר,רחוב,1318,רמות
בודנהימר,,מקס איזידור,ד. הסטוריה יהודית,,רחוב,1353,רמות
בורן,פרופ',מכס,יא. תרבות ומדע,יג. פרס נובל,רחוב,1214,רמות
בית צורי,,אליהו,ט. לוחמי ישראל,,רחוב,1291,רמות
בלוך,פרופ',רודולף,יא. תרבות ומדע,יג. פרס נובל,רחוב,1233,רמות
בן דוד,פרופ',יוסף,יא. תרבות ומדע,,רחוב,1205,רמות
בן יוסף,,שלמה,ט. לוחמי ישראל,,רחוב,1290,רמות
"בנ""צ כרמל",,(בן-ציון),ב. תושבי העיר,,שדרות,1270,רמות
בנטואיץ,פרופ',יוסף,יא. תרבות ומדע,יב. פרס ישראל,רחוב,1243,רמות
בער,פרופ',יצחק,יא. תרבות ומדע,יב. פרס ישראל,רחוב,1201,רמות
בקי,פרופ',רוברטו,יא. תרבות ומדע,יב. פרס ישראל,רחוב,1345,רמות
בר הלל,פרופ',יהושוע,יא. תרבות ומדע,,רחוב,1248,רמות
ברגסון,פרופ',אנרי,יא. תרבות ומדע,יג. פרס נובל,רחוב,1247,רמות
ברוור,פרופ',אברהם יעקב,יא. תרבות ומדע,,רחוב,1256,רמות
ברזני,,משה,ט. לוחמי ישראל,,רחוב,1292,רמות
ברני,פרופ',רוברט,יא. תרבות ומדע,יג. פרס נובל,רחוב,1231,רמות
ברנע,,דב,ב. תושבי העיר,,רחוב,1395,רמות
גבריאל,פרופ',(ליפמן),יא. תרבות ומדע,יג. פרס נובל,רחוב,1209,רמות
גבריהו,פרופ',חיים,יא. תרבות ומדע,,רחוב,1293,רמות
גולדמן,,נחום,י. מנהיגים יהודים,,רחוב,1363,רמות
גינצבורג,פרופ',דוד,יא. תרבות ומדע,יב. פרס ישראל,רחוב,1237,רמות
גלילי,,ישראל,טז. אנשי ציבור,,רחוב,1361,רמות
גרונר,,דב,ט. לוחמי ישראל,,רחוב,1295,רמות
גרינפלד,פרופ',חיים יונה,יא. תרבות ומדע,,רחוב,1346,רמות
גרשם שלום,פרופ',,יא. תרבות ומדע,יב. פרס ישראל,רחוב,1251,רמות
דה הוושי,פרופ',גאורג,יא. תרבות ומדע,יג. פרס נובל,רחוב,1306,רמות
דה שליט,פרופ',עמוס,יא. תרבות ומדע,יב. פרס ישראל,רחוב,1235,רמות
דובדבן,,,יז. צמחים ובעלי חיים,,רחוב,1372,רמות
דוידוביץ,פרופ',לב (לנדאו),יא. תרבות ומדע,יג. פרס נובל,רחוב,1204,רמות
דוכיפת,,,יז. צמחים ובעלי חיים,,רחוב,1317,רמות
דידנר,,מנחם,ב. תושבי העיר,,רחוב,1362,רמות
דרזנר,,יחיאל,ט. לוחמי ישראל,,רחוב,1294,רמות
האוזנר,"עו""ד",גדעון,טז. אנשי ציבור,,רחוב,1358,רמות
האז,פרופ',גיאורג,יא. תרבות ומדע,,רחוב,1238,רמות
האנדרטה,,,ו. ישובים הקשורים לעיר,,רחוב,1267,רמות
הבנים,,,ט. לוחמי ישראל,,חורשה,,רמות
הדעת,,,יא. תרבות ומדע,,רחוב,1200,רמות
הדרי,פרופ',זאב וניה,יא. תרבות ומדע,ב. תושבי העיר,שדרות,1319,רמות
ההשכלה,,,יא. תרבות ומדע,,גשר,,רמות
הוגו שמואל,פרופ',(ברגמן),יא. תרבות ומדע,יב. פרס ישראל,רחוב,1250,רמות
היזה,פרופ',פאול,יא. תרבות ומדע,יג. פרס נובל,רחוב,1246,רמות
הכט,"ד""ר",ראובן,יא. תרבות ומדע,יב. פרס ישראל,רחוב,1259,רמות
המדע,,,יא. תרבות ומדע,,רחוב,1240,רמות
המר,,זבולון,טז. אנשי ציבור,,רחוב,1337,רמות
המרד,,,ד. הסטוריה יהודית,,רחוב,1296,רמות
הנגבי,,מיכאל,ב. תושבי העיר,,רחוב,1367,רמות
הנופלים,,,ב. תושבי העיר,,חורשת,,רמות
הערים התאומות,,,ו. ישובים הקשורים לעיר,,שדרות,1356,רמות
הר בוקר,,,ז. מקומות של עם ישראל,,רחוב,1282,רמות
הר בקע,,,ז. מקומות של עם ישראל,,רחוב,1283,רמות
הר חרמון,,,ז. מקומות של עם ישראל,,רחוב,1278,רמות
הר כנען,,,ז. מקומות של עם ישראל,,רחוב,1280,רמות
הר מירון,,,ז. מקומות של עם ישראל,,רחוב,1285,רמות
הר נס,,,ז. מקומות של עם ישראל,,רחוב,1281,רמות
הר עודד,,,ז. מקומות של עם ישראל,,רחוב,1286,רמות
הר עצמון,,,ז. מקומות של עם ישראל,,רחוב,1277,רמות
הר רמון,,,ז. מקומות של עם ישראל,,רחוב,1276,רמות
הר תבור,,,ז. מקומות של עם ישראל,,רחוב,1284,רמות
הרמלין,,יוסף,טז. אנשי ציבור,,רחוב,1324,רמות
וופרטל,,,ו. ישובים הקשורים לעיר,,רחוב,6013,רמות
וייס,,יעקב,ט. לוחמי ישראל,,רחוב,1297,רמות
וילנאי,פרופ',זאב,יא. תרבות ומדע,יב. פרס ישראל,רחוב,1298,רמות
ויצמן אפרים,,,ב. תושבי העיר,,כיכר,,רמות
וירשובסקי,פרופ',חיים,יא. תרבות ומדע,,רחוב,1215,רמות
וקסמן,פרופ',זלמן,יא. תרבות ומדע,יג. פרס נובל,רחוב,1223,רמות
ורטהיימר,פרופ',חיים,יא. תרבות ומדע,יב. פרס ישראל,רחוב,1224,רמות
זאבי,אלוף,רחבעם - גנדי,ט. לוחמי ישראל,,רחוב,1365,רמות
זהרי,פרופ',מיכאל,יא. תרבות ומדע,יב. פרס ישראל,רחוב,1213,רמות
זמיר,,ישעיהו,ב. תושבי העיר,,רחוב,1260,רמות
"זק""ש",,נילי,יא. תרבות ומדע,יג. פרס נובל,רחוב,1216,רמות
זרחין,,אלכסנדר,יא. תרבות ומדע,,רחוב,1239,רמות
חביב אבשלום,,,ט. לוחמי ישראל,,רחוב,1299,רמות
חזן,,יעקב,טז. אנשי ציבור,,רחוב,1308,רמות
חכים,,אליהו,ט. לוחמי ישראל,,רחוב,1300,רמות
חלילי,,אברהם,ב. תושבי העיר,,רחוב,1364,רמות
חן,פרופ',ארנסט,יא. תרבות ומדע,יג. פרס נובל,רחוב,1232,רמות
חרוב,,,יז. צמחים ובעלי חיים,,רחוב,1397,רמות
טדסקי,פרופ',גד,יא. תרבות ומדע,יב. פרס ישראל,רחוב,1347,רמות
טווס,,,יז. צמחים ובעלי חיים,,רחוב,1310,רמות
טולדו וקבלו,,שלומי וליאור,ב. תושבי העיר,,גן,,רמות
טור סיני,פרופ',נפתלי,יא. תרבות ומדע,יב. פרס ישראל,רחוב,1245,רמות
טם,פרופ',איגור,יא. תרבות ומדע,יג. פרס נובל,רחוב,1208,רמות
טרק,פרופ',גבריאל,ב. תושבי העיר,,רחוב,1342,רמות
יוסקה יריב,,(יוסף ריבקינד),ט. לוחמי ישראל,,רחוב,1366,רמות
ילין,פרופ',דוד,יא. תרבות ומדע,,רחוב,1249,רמות
ילין-מור,,נתן,ד. הסטוריה יהודית,ט. לוחמי ישראל,רחוב,1316,רמות
ינאית,,רחל בן צבי,ט. לוחמי ישראל,יב. פרס ישראל,רחוב,1266,רמות
יפה,אלוף,אברהם,ט. לוחמי ישראל,,רחוב,1338,רמות
יריב,אלוף,אהרון,ט. לוחמי ישראל,,רחוב,1323,רמות
לבון,,פנחס,טז. אנשי ציבור,,רחוב,1340,רמות
לוי,רב אלוף,משה,ט. לוחמי ישראל,,רחוב,1271,רמות
לויצקי,פרופ',יעקב,יא. תרבות ומדע,יב. פרס ישראל,רחוב,1301,רמות
לוריא,,צבי,טו. מגילת העצמאות,,רחוב,1339,רמות
ליון,,,ו. ישובים הקשורים לעיר,,רחוב,6014,רמות
ליליאן,,אפרים משה,יא. תרבות ומדע,,רחוב,1257,רמות
לימון,,,יז. צמחים ובעלי חיים,,רחוב,1398,רמות
לינדנר,פרופ',יוחנן,יא. תרבות ומדע,יב. פרס ישראל,רחוב,1212,רמות
מגן,אלוף,קלמן,ט. לוחמי ישראל,,רחוב,1321,רמות
מודעי,,יצחק,טז. אנשי ציבור,,רחוב,1329,רמות
מיכאלסון,פרופ',יצחק,יא. תרבות ומדע,,רחוב,1217,רמות
מיכה,,(פרי),ב. תושבי העיר,,גן,,רמות
מנדלר,אלוף,אלברט,ט. לוחמי ישראל,,רחוב,1322,רמות
מעלה החטיבה,,,ט. לוחמי ישראל,,רחוב,1302,רמות
מרש,"עו""ד",יעקב,ב. תושבי העיר,,רחוב,1336,רמות
משה יצחק,פרופ',(בלוך),ד. הסטוריה יהודית,א. ידידי העיר,רחוב,1241,רמות
נובומייסקי,,משה,א. ידידי העיר,,גן,,רמות
נויפלד,פרופ',הנרי,יא. תרבות ומדע,יב. פרס ישראל,רחוב,1219,רמות
נטר,,קארל,ד. הסטוריה יהודית,,רחוב,1315,רמות
נקר,,מאיר,ט. לוחמי ישראל,,רחוב,1303,רמות
נרקיס,אלוף,עוזי,ט. לוחמי ישראל,,רחוב,1360,רמות
סגל,פרופ',צבי,יא. תרבות ומדע,יב. פרס ישראל,רחוב,1252,רמות
סגל,פרופ',שרגא,ב. תושבי העיר,,כיכר,6025,רמות
סדן,פרופ',דב,יא. תרבות ומדע,יב. פרס ישראל,רחוב,1242,רמות
סימון,פרופ',עקיבא דוד ארנסט,יא. תרבות ומדע,יב. פרס ישראל,רחוב,1230,רמות
סמבורסקי,פרופ',שמואל,יא. תרבות ומדע,יב. פרס ישראל,רחוב,1255,רמות
סנה,,נחום,ב. תושבי העיר,,רחוב,1396,רמות
עגור,,,יז. צמחים ובעלי חיים,,רחוב,1312,רמות
עמיצור,פרופ',שמשון,יא. תרבות ומדע,יב. פרס ישראל,רחוב,1348,רמות
פאול,פרופ',(אהרליך),יא. תרבות ומדע,יג. פרס נובל,רחוב,1222,רמות
פיינשטיין,,מאיר,ט. לוחמי ישראל,,רחוב,1304,רמות
פיקרד,פרופ',יהודה ליאו,יא. תרבות ומדע,יב. פרס ישראל,רחוב,1349,רמות
פלדברג,,שמואל,ב. תושבי העיר,,רחוב,1269,רמות
פליקס,פרופ',(בלוך),יא. תרבות ומדע,יג. פרס נובל,רחוב,1211,רמות
פליקס שפירא,,,ד. הסטוריה יהודית,,גן,,רמות
פראוור,פרופ',יהושע,יא. תרבות ומדע,יב. פרס ישראל,רחוב,1218,רמות
פריבס,פרופ',משה,ב. תושבי העיר,,רחוב,1343,רמות
פריד,פרופ',אלפרד,יא. תרבות ומדע,יג. פרס נובל,רחוב,1202,רמות
פרנק,פרופ',ג'ימס,יא. תרבות ומדע,יג. פרס נובל,רחוב,1207,רמות
צבי-רן,"ד""ר",שלמה,ב. תושבי העיר,,רחוב,1261,רמות
"צה""ל",,,ט. לוחמי ישראל,,שדרות,1370,רמות
צונדק,פרופ',ברנהרד והרמן,יא. תרבות ומדע,יב. פרס ישראל,רחוב,1229,רמות
קאשני,,אליעזר,ט. לוחמי ישראל,,רחוב,1305,רמות
קהילת מונטריאול,,,א. ידידי העיר,,כיכר,6018,רמות
קהירי,,משה,ב. תושבי העיר,,רחוב,1394,רמות
קלוז-נפוקה,,,ו. ישובים הקשורים לעיר,,כיכר,,רמות
קלמן (פורת),,,ב. תושבי העיר,,רחוב,1368,רמות
קסן,פרופ',רנה,יא. תרבות ומדע,יג. פרס נובל,רחוב,1210,רמות
קציר,פרופ',אהרון,יא. תרבות ומדע,יב. פרס ישראל,רחוב,1234,רמות
קרוק גלעד,פרופ',דורותיאה,יא. תרבות ומדע,יב. פרס ישראל,רחוב,1244,רמות
רוזן,הרב,דוד משה,ה. חסידי אומות עולם,יד. יקירי העיר,גן,,רמות
רוטנשטרייך,פרופ',נתן,יא. תרבות ומדע,יב. פרס ישראל,רחוב,1390,רמות
ריבי,פרופ',איזידור,יא. תרבות ומדע,יג. פרס נובל,רחוב,1206,רמות
ריינר,פרופ',מרקוס,יא. תרבות ומדע,יב. פרס ישראל,רחוב,1225,רמות
רימון,,,יז. צמחים ובעלי חיים,,רחוב,1373,רמות
רמות,,,כללי,,פארק,,רמות
רפאל,,(בן זיכרי),ב. תושבי העיר,,גן,,רמות
רקח,פרופ',יואל,יא. תרבות ומדע,יב. פרס ישראל,רחוב,1226,רמות
"רש""ל",רבי,שמעון לביא,ד. הסטוריה יהודית,,רחוב,1392,רמות
שופט,,אברהם,ב. תושבי העיר,,רחוב,1335,רמות
שושנה,הרב,חיים רפאל,ב. תושבי העיר,,רחוב,1391,רמות
שטרן,פרופ',יוסף,ב. תושבי העיר,,רחוב,1341,רמות
שינדלר,,אוסקר,ה. חסידי אומות עולם,,רחוב,1357,רמות
שירמן,פרופ',חיים,יא. תרבות ומדע,יב. פרס ישראל,רחוב,1254,רמות
שלמה,,(גבעון),ב. תושבי העיר,,גן,,רמות
שסק,,,יז. צמחים ובעלי חיים,,רחוב,1399,רמות
שפרן,"הרב ד""ר",יהודה אלכסנדר,ה. חסידי אומות עולם,,כיכר,6016,רמות
שקמה,,,יז. צמחים ובעלי חיים,,רחוב,1374,רמות
שריג,,נחום,ט. לוחמי ישראל,יד. יקירי העיר,רחוב,1359,רמות
שרשבסקי,"ד""ר",יוסף,ב. תושבי העיר,,רחוב,1393,רמות
שתל,"ד""ר",יצחק,ב. תושבי העיר,,רחוב,1264,רמות
תלמי,,מאיר,טז. אנשי ציבור,,רחוב,1331,רמות
תלמי,,אמה,טז. אנשי ציבור,,רחוב,1331,רמות
תקוע,,יוסף,ב. תושבי העיר,,רחוב,1263,רמות
האנרגיה,,,יא. תרבות ומדע,,רחוב,141,רמות - קריית הייטק
החדשנות,,,יא. תרבות ומדע,,רחוב,144,רמות - קריית הייטק
התבונה,,,יא. תרבות ומדע,,רחוב,140,רמות - קריית הייטק
חלקיקי האור,,,יא. תרבות ומדע,,רחוב,142,רמות - קריית הייטק
ציר הזמן,,,יא. תרבות ומדע,,רחוב,143,רמות - קריית הייטק
רוזן,פרופ',נתן,יא. תרבות ומדע,,שדרות,1460,רמות - קריית הייטק
תורת היחסות,,,יא. תרבות ומדע,,רחוב,145,רמות - קריית הייטק